workload,workload_type,workload_size,workload_spread,workload_extra,algorithm,frames,time_ms_op,time_error,gc_alloc_norm_KB_op,gc_alloc_norm_error_KB
aleatorio_extragrande_amplo,aleatorio,extragrande,amplo,,Clock,4,38.854,0.29,65747.495,0.001
aleatorio_extragrande_amplo,aleatorio,extragrande,amplo,,Clock,8,47.689,0.689,65394.989,0.011
aleatorio_extragrande_amplo,aleatorio,extragrande,amplo,,Clock,16,47.296,2.356,64708.494,0.011
aleatorio_extragrande_amplo,aleatorio,extragrande,amplo,,Clock,32,47.761,0.351,63324.904,0.009
aleatorio_grande_amplo,aleatorio,grande,amplo,,Clock,4,3.972,0.266,6581.98,0.002
aleatorio_grande_amplo,aleatorio,grande,amplo,,Clock,8,4.8,0.031,6545.751,0.0
aleatorio_grande_amplo,aleatorio,grande,amplo,,Clock,16,4.769,0.034,6474.946,0.0
aleatorio_grande_amplo,aleatorio,grande,amplo,,Clock,32,5.146,0.135,6337.757,0.03
aleatorio_grande_enorme,aleatorio,grande,enorme,,Clock,4,3.422,0.031,7502.898,0.0
aleatorio_grande_enorme,aleatorio,grande,enorme,,Clock,8,4.253,0.034,7494.466,0.0
aleatorio_grande_enorme,aleatorio,grande,enorme,,Clock,16,4.581,0.039,7476.804,0.0
aleatorio_grande_enorme,aleatorio,grande,enorme,,Clock,32,4.684,0.039,7438.618,0.0
aleatorio_grande_medio,aleatorio,grande,medio,,Clock,4,2.879,0.02,2999.801,0.0
aleatorio_grande_medio,aleatorio,grande,medio,,Clock,8,3.91,0.118,2876.585,0.03
aleatorio_grande_medio,aleatorio,grande,medio,,Clock,16,3.806,0.029,2626.233,0.031
aleatorio_grande_medio,aleatorio,grande,medio,,Clock,32,3.464,0.158,2130.055,0.001
aleatorio_medio_amplo,aleatorio,medio,amplo,,Clock,4,0.37,0.022,655.456,0.0
aleatorio_medio_amplo,aleatorio,medio,amplo,,Clock,8,0.441,0.004,652.425,0.0
aleatorio_medio_amplo,aleatorio,medio,amplo,,Clock,16,0.458,0.003,645.933,0.0
aleatorio_medio_amplo,aleatorio,medio,amplo,,Clock,32,0.457,0.004,632.917,0.0
aleatorio_medio_enorme,aleatorio,medio,enorme,,Clock,4,0.322,0.004,751.143,0.0
aleatorio_medio_enorme,aleatorio,medio,enorme,,Clock,8,0.376,0.003,750.44,0.0
aleatorio_medio_enorme,aleatorio,medio,enorme,,Clock,16,0.415,0.004,748.823,0.0
aleatorio_medio_enorme,aleatorio,medio,enorme,,Clock,32,0.437,0.004,744.792,0.0
aleatorio_medio_medio,aleatorio,medio,medio,,Clock,4,0.27,0.004,301.377,0.0
aleatorio_medio_medio,aleatorio,medio,medio,,Clock,8,0.348,0.003,288.862,0.0
aleatorio_medio_medio,aleatorio,medio,medio,,Clock,16,0.36,0.025,262.916,0.0
aleatorio_medio_medio,aleatorio,medio,medio,,Clock,32,0.317,0.016,215.041,0.0
aleatorio_medio_restrito,aleatorio,medio,restrito,,Clock,4,0.249,0.011,250.595,0.0
aleatorio_medio_restrito,aleatorio,medio,restrito,,Clock,8,0.268,0.004,189.674,0.0
aleatorio_medio_restrito,aleatorio,medio,restrito,,Clock,16,0.166,0.005,63.509,0.0
aleatorio_medio_restrito,aleatorio,medio,restrito,,Clock,32,0.137,0.011,1.118,0.0
aleatorio_minimo_medio,aleatorio,minimo,medio,,Clock,4,0.012,0.0,15.344,0.0
aleatorio_minimo_medio,aleatorio,minimo,medio,,Clock,8,0.013,0.0,14.547,0.0
aleatorio_minimo_medio,aleatorio,minimo,medio,,Clock,16,0.012,0.0,13.477,0.0
aleatorio_minimo_medio,aleatorio,minimo,medio,,Clock,32,0.011,0.0,11.914,0.0
aleatorio_minimo_restrito,aleatorio,minimo,restrito,,Clock,4,0.011,0.0,12.5,0.0
aleatorio_minimo_restrito,aleatorio,minimo,restrito,,Clock,8,0.01,0.0,9.547,0.0
aleatorio_minimo_restrito,aleatorio,minimo,restrito,,Clock,16,0.008,0.0,3.57,0.0
aleatorio_minimo_restrito,aleatorio,minimo,restrito,,Clock,32,0.006,0.0,1.117,0.0
aleatorio_pequeno_amplo,aleatorio,pequeno,amplo,,Clock,4,0.065,0.0,131.141,0.0
aleatorio_pequeno_amplo,aleatorio,pequeno,amplo,,Clock,8,0.078,0.0,130.376,0.0
aleatorio_pequeno_amplo,aleatorio,pequeno,amplo,,Clock,16,0.08,0.001,128.868,0.0
aleatorio_pequeno_amplo,aleatorio,pequeno,amplo,,Clock,32,0.079,0.001,126.493,0.0
aleatorio_pequeno_medio,aleatorio,pequeno,medio,,Clock,4,0.055,0.005,60.313,0.0
aleatorio_pequeno_medio,aleatorio,pequeno,medio,,Clock,8,0.06,0.0,57.891,0.0
aleatorio_pequeno_medio,aleatorio,pequeno,medio,,Clock,16,0.058,0.001,53.446,0.0
aleatorio_pequeno_medio,aleatorio,pequeno,medio,,Clock,32,0.051,0.001,43.133,0.0
aleatorio_pequeno_restrito,aleatorio,pequeno,restrito,,Clock,4,0.047,0.001,50.0,0.0
aleatorio_pequeno_restrito,aleatorio,pequeno,restrito,,Clock,8,0.047,0.002,37.797,0.0
aleatorio_pequeno_restrito,aleatorio,pequeno,restrito,,Clock,16,0.033,0.002,13.008,0.0
aleatorio_pequeno_restrito,aleatorio,pequeno,restrito,,Clock,32,0.025,0.006,1.098,0.031
fases_extragrande_amplo_f8,fases,extragrande,amplo,f8,Clock,4,32.876,0.266,63253.484,0.001
fases_extragrande_amplo_f8,fases,extragrande,amplo,f8,Clock,8,41.885,0.592,60494.217,0.008
fases_extragrande_amplo_f8,fases,extragrande,amplo,f8,Clock,16,39.512,0.929,54949.615,0.007
fases_extragrande_amplo_f8,fases,extragrande,amplo,f8,Clock,32,27.3,0.398,43898.846,0.003
fases_grande_amplo_f8,fases,grande,amplo,f8,Clock,4,3.362,0.028,6317.57,0.0
fases_grande_amplo_f8,fases,grande,amplo,f8,Clock,8,4.107,0.046,6046.465,0.0
fases_grande_amplo_f8,fases,grande,amplo,f8,Clock,16,3.779,0.025,5494.377,0.0
fases_grande_amplo_f8,fases,grande,amplo,f8,Clock,32,2.702,0.022,4397.667,0.0
fases_grande_enorme_f8,fases,grande,enorme,f8,Clock,4,3.384,0.02,7440.609,0.0
fases_grande_enorme_f8,fases,grande,enorme,f8,Clock,8,4.562,0.051,7367.757,0.0
fases_grande_enorme_f8,fases,grande,enorme,f8,Clock,16,4.418,0.027,7219.674,0.031
fases_grande_enorme_f8,fases,grande,enorme,f8,Clock,32,4.373,0.051,6930.748,0.0
fases_grande_medio_f4,fases,grande,medio,f4,Clock,4,3.651,0.054,4516.095,0.0
fases_grande_medio_f4,fases,grande,medio,f4,Clock,8,4.161,0.038,4214.528,0.0
fases_grande_medio_f4,fases,grande,medio,f4,Clock,16,3.928,0.174,3622.202,0.03
fases_grande_medio_f4,fases,grande,medio,f4,Clock,32,2.4,0.034,2447.915,0.0
fases_medio_amplo_f8,fases,medio,amplo,f8,Clock,4,0.295,0.002,632.314,0.0
fases_medio_amplo_f8,fases,medio,amplo,f8,Clock,8,0.392,0.003,604.518,0.0
fases_medio_amplo_f8,fases,medio,amplo,f8,Clock,16,0.349,0.003,549.245,0.0
fases_medio_amplo_f8,fases,medio,amplo,f8,Clock,32,0.26,0.002,441.275,0.0
fases_medio_enorme_f4,fases,medio,enorme,f4,Clock,4,0.323,0.003,749.205,0.0
fases_medio_enorme_f4,fases,medio,enorme,f4,Clock,8,0.418,0.008,744.534,0.0
fases_medio_enorme_f4,fases,medio,enorme,f4,Clock,16,0.439,0.009,737.776,0.0
fases_medio_enorme_f4,fases,medio,enorme,f4,Clock,32,0.416,0.006,723.276,0.0
fases_medio_medio_f4,fases,medio,medio,f4,Clock,4,0.305,0.003,455.705,0.0
fases_medio_medio_f4,fases,medio,medio,f4,Clock,8,0.388,0.007,426.049,0.0
fases_medio_medio_f4,fases,medio,medio,f4,Clock,16,0.353,0.003,366.995,0.0
fases_medio_medio_f4,fases,medio,medio,f4,Clock,32,0.236,0.006,251.416,0.0
fases_medio_restrito_f2,fases,medio,restrito,f2,Clock,4,0.253,0.002,260.314,0.0
fases_medio_restrito_f2,fases,medio,restrito,f2,Clock,8,0.299,0.003,209.893,0.0
fases_medio_restrito_f2,fases,medio,restrito,f2,Clock,16,0.207,0.005,111.04,0.0
fases_medio_restrito_f2,fases,medio,restrito,f2,Clock,32,0.111,0.023,2.302,0.031
fases_pequeno_medio_f4,fases,pequeno,medio,f4,Clock,4,0.059,0.001,91.141,0.0
fases_pequeno_medio_f4,fases,pequeno,medio,f4,Clock,8,0.071,0.002,85.407,0.0
fases_pequeno_medio_f4,fases,pequeno,medio,f4,Clock,16,0.059,0.001,73.258,0.0
fases_pequeno_medio_f4,fases,pequeno,medio,f4,Clock,32,0.044,0.001,51.149,0.0
fases_pequeno_restrito_f2,fases,pequeno,restrito,f2,Clock,4,0.047,0.001,52.563,0.0
fases_pequeno_restrito_f2,fases,pequeno,restrito,f2,Clock,8,0.051,0.001,42.703,0.0
fases_pequeno_restrito_f2,fases,pequeno,restrito,f2,Clock,16,0.039,0.001,23.289,0.0
fases_pequeno_restrito_f2,fases,pequeno,restrito,f2,Clock,32,0.021,0.003,2.32,0.0
localidade_grande_amplo_ws40,localidade,grande,amplo,ws40,Clock,4,3.961,0.034,5367.98,0.0
localidade_grande_amplo_ws40,localidade,grande,amplo,ws40,Clock,8,5.063,0.041,5318.815,0.0
localidade_grande_amplo_ws40,localidade,grande,amplo,ws40,Clock,16,5.248,0.042,5221.535,0.0
localidade_grande_amplo_ws40,localidade,grande,amplo,ws40,Clock,32,5.214,0.413,5023.805,0.028
localidade_grande_enorme_ws10,localidade,grande,enorme,ws10,Clock,4,3.951,0.014,5222.058,0.0
localidade_grande_enorme_ws10,localidade,grande,enorme,ws10,Clock,8,5.037,0.04,5169.878,0.0
localidade_grande_enorme_ws10,localidade,grande,enorme,ws10,Clock,16,5.433,0.331,5066.9,0.029
localidade_grande_enorme_ws10,localidade,grande,enorme,ws10,Clock,32,4.977,0.117,4857.006,0.03
localidade_grande_medio_frequente70,localidade,grande,medio,frequente70,Clock,4,3.625,0.403,3601.915,0.003
localidade_grande_medio_frequente70,localidade,grande,medio,frequente70,Clock,8,4.302,0.099,3440.826,0.001
localidade_grande_medio_frequente70,localidade,grande,medio,frequente70,Clock,16,4.215,0.043,3145.833,0.0
localidade_grande_medio_frequente70,localidade,grande,medio,frequente70,Clock,32,3.78,0.034,2600.26,0.0
localidade_grande_restrito_frequente90,localidade,grande,restrito,frequente90,Clock,4,2.558,0.095,2135.791,0.001
localidade_grande_restrito_frequente90,localidade,grande,restrito,frequente90,Clock,8,2.402,0.089,1255.012,0.031
localidade_grande_restrito_frequente90,localidade,grande,restrito,frequente90,Clock,16,1.678,0.035,345.332,0.0
localidade_grande_restrito_frequente90,localidade,grande,restrito,frequente90,Clock,32,1.408,0.093,141.873,0.032
localidade_medio_amplo_ws40,localidade,medio,amplo,ws40,Clock,4,0.388,0.003,538.94,0.0
localidade_medio_amplo_ws40,localidade,medio,amplo,ws40,Clock,8,0.479,0.006,534.659,0.0
localidade_medio_amplo_ws40,localidade,medio,amplo,ws40,Clock,16,0.481,0.004,525.933,0.0
localidade_medio_amplo_ws40,localidade,medio,amplo,ws40,Clock,32,0.475,0.005,507.058,0.0
localidade_medio_enorme_ws10,localidade,medio,enorme,ws10,Clock,4,0.388,0.003,522.018,0.0
localidade_medio_enorme_ws10,localidade,medio,enorme,ws10,Clock,8,0.469,0.008,517.456,0.0
localidade_medio_enorme_ws10,localidade,medio,enorme,ws10,Clock,16,0.479,0.005,507.277,0.0
localidade_medio_enorme_ws10,localidade,medio,enorme,ws10,Clock,32,0.465,0.007,487.402,0.0
localidade_medio_medio_frequente70,localidade,medio,medio,frequente70,Clock,4,0.314,0.007,361.783,0.0
localidade_medio_medio_frequente70,localidade,medio,medio,frequente70,Clock,8,0.413,0.028,346.081,0.0
localidade_medio_medio_frequente70,localidade,medio,medio,frequente70,Clock,16,0.383,0.006,315.807,0.0
localidade_medio_medio_frequente70,localidade,medio,medio,frequente70,Clock,32,0.328,0.003,263.323,0.0
localidade_medio_restrito_frequente90,localidade,medio,restrito,frequente90,Clock,4,0.246,0.017,213.107,0.031
localidade_medio_restrito_frequente90,localidade,medio,restrito,frequente90,Clock,8,0.215,0.003,126.548,0.0
localidade_medio_restrito_frequente90,localidade,medio,restrito,frequente90,Clock,16,0.142,0.005,35.884,0.0
localidade_medio_restrito_frequente90,localidade,medio,restrito,frequente90,Clock,32,0.118,0.009,15.977,0.0
localidade_pequeno_medio_frequente70,localidade,pequeno,medio,frequente70,Clock,4,0.058,0.001,71.813,0.0
localidade_pequeno_medio_frequente70,localidade,pequeno,medio,frequente70,Clock,8,0.069,0.001,68.125,0.0
localidade_pequeno_medio_frequente70,localidade,pequeno,medio,frequente70,Clock,16,0.063,0.001,62.243,0.0
localidade_pequeno_medio_frequente70,localidade,pequeno,medio,frequente70,Clock,32,0.055,0.001,52.227,0.0
localidade_pequeno_restrito_frequente90,localidade,pequeno,restrito,frequente90,Clock,4,0.044,0.001,42.313,0.0
localidade_pequeno_restrito_frequente90,localidade,pequeno,restrito,frequente90,Clock,8,0.04,0.002,26.578,0.0
localidade_pequeno_restrito_frequente90,localidade,pequeno,restrito,frequente90,Clock,16,0.028,0.001,8.633,0.0
localidade_pequeno_restrito_frequente90,localidade,pequeno,restrito,frequente90,Clock,32,0.023,0.002,4.32,0.0
sequencial_extragrande_amplo,sequencial,extragrande,amplo,,Clock,4,26.936,0.225,66125.335,0.003
sequencial_extragrande_amplo,sequencial,extragrande,amplo,,Clock,8,27.355,1.235,66125.292,0.008
sequencial_extragrande_amplo,sequencial,extragrande,amplo,,Clock,16,27.381,1.604,66125.348,0.011
sequencial_extragrande_amplo,sequencial,extragrande,amplo,,Clock,32,26.829,0.321,66125.437,0.003
sequencial_grande_amplo,sequencial,grande,amplo,,Clock,4,2.824,0.071,6612.656,0.032
sequencial_grande_amplo,sequencial,grande,amplo,,Clock,8,3.109,0.464,6612.611,0.028
sequencial_grande_amplo,sequencial,grande,amplo,,Clock,16,2.882,0.113,6612.664,0.03
sequencial_grande_amplo,sequencial,grande,amplo,,Clock,32,2.716,0.121,6612.776,0.001
sequencial_grande_medio,sequencial,grande,medio,,Clock,4,2.408,0.109,3125.215,0.032
sequencial_grande_medio,sequencial,grande,medio,,Clock,8,2.469,0.312,3125.232,0.033
sequencial_grande_medio,sequencial,grande,medio,,Clock,16,2.161,0.026,3125.39,0.0
sequencial_grande_medio,sequencial,grande,medio,,Clock,32,2.376,0.177,3125.735,0.001
sequencial_medio_amplo,sequencial,medio,amplo,,Clock,4,0.23,0.004,661.408,0.0
sequencial_medio_amplo,sequencial,medio,amplo,,Clock,8,0.243,0.002,661.361,0.0
sequencial_medio_amplo,sequencial,medio,amplo,,Clock,16,0.241,0.003,661.416,0.0
sequencial_medio_amplo,sequencial,medio,amplo,,Clock,32,0.245,0.004,661.509,0.0
sequencial_medio_medio,sequencial,medio,medio,,Clock,4,0.202,0.005,312.72,0.0
sequencial_medio_medio,sequencial,medio,medio,,Clock,8,0.222,0.002,312.736,0.0
sequencial_medio_medio,sequencial,medio,medio,,Clock,16,0.224,0.006,312.896,0.031
sequencial_medio_medio,sequencial,medio,medio,,Clock,32,0.215,0.001,313.259,0.0
sequencial_minimo_restrito,sequencial,minimo,restrito,,Clock,4,0.011,0.0,15.844,0.0
sequencial_minimo_restrito,sequencial,minimo,restrito,,Clock,8,0.012,0.001,15.84,0.031
sequencial_minimo_restrito,sequencial,minimo,restrito,,Clock,16,0.011,0.0,16.039,0.0
sequencial_minimo_restrito,sequencial,minimo,restrito,,Clock,32,0.005,0.001,1.117,0.0
sequencial_pequeno_restrito,sequencial,pequeno,restrito,,Clock,4,0.043,0.003,62.719,0.0
sequencial_pequeno_restrito,sequencial,pequeno,restrito,,Clock,8,0.046,0.001,62.735,0.0
sequencial_pequeno_restrito,sequencial,pequeno,restrito,,Clock,16,0.047,0.006,62.895,0.031
sequencial_pequeno_restrito,sequencial,pequeno,restrito,,Clock,32,0.028,0.001,1.078,0.0
aleatorio_extragrande_amplo,aleatorio,extragrande,amplo,,FIFO,4,40.956,0.521,100427.505,0.001
aleatorio_extragrande_amplo,aleatorio,extragrande,amplo,,FIFO,8,44.139,0.309,99690.482,0.001
aleatorio_extragrande_amplo,aleatorio,extragrande,amplo,,FIFO,16,45.654,0.365,98256.976,0.01
aleatorio_extragrande_amplo,aleatorio,extragrande,amplo,,FIFO,32,41.287,0.443,95372.624,0.006
aleatorio_grande_amplo,aleatorio,grande,amplo,,FIFO,4,4.068,0.019,10052.77,0.0
aleatorio_grande_amplo,aleatorio,grande,amplo,,FIFO,8,4.423,0.04,9976.546,0.0
aleatorio_grande_amplo,aleatorio,grande,amplo,,FIFO,16,4.556,0.03,9828.632,0.0
aleatorio_grande_amplo,aleatorio,grande,amplo,,FIFO,32,4.023,0.164,9544.012,0.063
aleatorio_grande_enorme,aleatorio,grande,enorme,,FIFO,4,3.777,0.238,11298.674,0.002
aleatorio_grande_enorme,aleatorio,grande,enorme,,FIFO,8,4.383,0.043,11280.631,0.0
aleatorio_grande_enorme,aleatorio,grande,enorme,,FIFO,16,4.407,0.062,11242.444,0.0
aleatorio_grande_enorme,aleatorio,grande,enorme,,FIFO,32,4.378,0.038,11160.123,0.0
aleatorio_grande_medio,aleatorio,grande,medio,,FIFO,4,2.819,0.286,5248.816,0.064
aleatorio_grande_medio,aleatorio,grande,medio,,FIFO,8,3.101,0.069,5033.857,0.0
aleatorio_grande_medio,aleatorio,grande,medio,,FIFO,16,3.093,0.261,4596.044,0.064
aleatorio_grande_medio,aleatorio,grande,medio,,FIFO,32,2.769,0.019,3717.464,0.0
aleatorio_medio_amplo,aleatorio,medio,amplo,,FIFO,4,0.405,0.004,1001.003,0.0
aleatorio_medio_amplo,aleatorio,medio,amplo,,FIFO,8,0.457,0.003,994.62,0.0
aleatorio_medio_amplo,aleatorio,medio,amplo,,FIFO,16,0.436,0.028,980.901,0.0
aleatorio_medio_amplo,aleatorio,medio,amplo,,FIFO,32,0.426,0.019,953.761,0.0
aleatorio_medio_enorme,aleatorio,medio,enorme,,FIFO,4,0.388,0.004,1130.995,0.0
aleatorio_medio_enorme,aleatorio,medio,enorme,,FIFO,8,0.446,0.01,1129.511,0.0
aleatorio_medio_enorme,aleatorio,medio,enorme,,FIFO,16,0.441,0.005,1125.925,0.0
aleatorio_medio_enorme,aleatorio,medio,enorme,,FIFO,32,0.442,0.007,1117.144,0.0
aleatorio_medio_medio,aleatorio,medio,medio,,FIFO,4,0.289,0.008,527.229,0.0
aleatorio_medio_medio,aleatorio,medio,medio,,FIFO,8,0.339,0.013,505.19,0.0
aleatorio_medio_medio,aleatorio,medio,medio,,FIFO,16,0.323,0.003,461.198,0.0
aleatorio_medio_medio,aleatorio,medio,medio,,FIFO,32,0.278,0.005,375.658,0.0
aleatorio_medio_restrito,aleatorio,medio,restrito,,FIFO,4,0.236,0.03,438.869,0.062
aleatorio_medio_restrito,aleatorio,medio,restrito,,FIFO,8,0.243,0.004,329.806,0.0
aleatorio_medio_restrito,aleatorio,medio,restrito,,FIFO,16,0.109,0.001,108.407,0.0
aleatorio_medio_restrito,aleatorio,medio,restrito,,FIFO,32,0.052,0.0,1.407,0.0
aleatorio_minimo_medio,aleatorio,minimo,medio,,FIFO,4,0.015,0.0,26.672,0.0
aleatorio_minimo_medio,aleatorio,minimo,medio,,FIFO,8,0.015,0.0,25.305,0.0
aleatorio_minimo_medio,aleatorio,minimo,medio,,FIFO,16,0.014,0.001,23.094,0.0
aleatorio_minimo_medio,aleatorio,minimo,medio,,FIFO,32,0.012,0.0,20.242,0.0
aleatorio_minimo_restrito,aleatorio,minimo,restrito,,FIFO,4,0.012,0.0,21.586,0.0
aleatorio_minimo_restrito,aleatorio,minimo,restrito,,FIFO,8,0.01,0.0,16.609,0.0
aleatorio_minimo_restrito,aleatorio,minimo,restrito,,FIFO,16,0.005,0.0,5.758,0.0
aleatorio_minimo_restrito,aleatorio,minimo,restrito,,FIFO,32,0.003,0.0,1.438,0.0
aleatorio_pequeno_amplo,aleatorio,pequeno,amplo,,FIFO,4,0.081,0.001,200.407,0.0
aleatorio_pequeno_amplo,aleatorio,pequeno,amplo,,FIFO,8,0.088,0.001,198.821,0.0
aleatorio_pequeno_amplo,aleatorio,pequeno,amplo,,FIFO,16,0.089,0.001,195.422,0.0
aleatorio_pequeno_amplo,aleatorio,pequeno,amplo,,FIFO,32,0.077,0.001,190.711,0.0
aleatorio_pequeno_medio,aleatorio,pequeno,medio,,FIFO,4,0.06,0.0,105.368,0.0
aleatorio_pequeno_medio,aleatorio,pequeno,medio,,FIFO,8,0.065,0.001,100.993,0.0
aleatorio_pequeno_medio,aleatorio,pequeno,medio,,FIFO,16,0.061,0.001,93.204,0.0
aleatorio_pequeno_medio,aleatorio,pequeno,medio,,FIFO,32,0.052,0.003,75.203,0.0
aleatorio_pequeno_restrito,aleatorio,pequeno,restrito,,FIFO,4,0.05,0.001,87.594,0.0
aleatorio_pequeno_restrito,aleatorio,pequeno,restrito,,FIFO,8,0.046,0.0,65.391,0.0
aleatorio_pequeno_restrito,aleatorio,pequeno,restrito,,FIFO,16,0.022,0.0,22.93,0.0
aleatorio_pequeno_restrito,aleatorio,pequeno,restrito,,FIFO,32,0.01,0.0,1.359,0.0
fases_extragrande_amplo_f8,fases,extragrande,amplo,f8,FIFO,4,34.63,0.25,95266.536,0.005
fases_extragrande_amplo_f8,fases,extragrande,amplo,f8,FIFO,8,37.118,1.873,89511.238,0.009
fases_extragrande_amplo_f8,fases,extragrande,amplo,f8,FIFO,16,32.453,0.433,77934.498,0.005
fases_extragrande_amplo_f8,fases,extragrande,amplo,f8,FIFO,32,23.107,0.236,54884.897,0.003
fases_grande_amplo_f8,fases,grande,amplo,f8,FIFO,4,3.498,0.046,9510.719,0.0
fases_grande_amplo_f8,fases,grande,amplo,f8,FIFO,8,3.911,0.045,8943.73,0.0
fases_grande_amplo_f8,fases,grande,amplo,f8,FIFO,16,3.405,0.033,7797.711,0.0
fases_grande_amplo_f8,fases,grande,amplo,f8,FIFO,32,2.316,0.026,5508.594,0.0
fases_grande_enorme_f8,fases,grande,enorme,f8,FIFO,4,3.792,0.038,11162.955,0.0
fases_grande_enorme_f8,fases,grande,enorme,f8,FIFO,8,4.34,0.034,11007.022,0.0
fases_grande_enorme_f8,fases,grande,enorme,f8,FIFO,16,3.912,0.346,10689.378,0.065
fases_grande_enorme_f8,fases,grande,enorme,f8,FIFO,32,3.508,0.053,10063.977,0.0
fases_grande_medio_f4,fases,grande,medio,f4,FIFO,4,3.184,0.388,7144.342,0.065
fases_grande_medio_f4,fases,grande,medio,f4,FIFO,8,3.569,0.428,6559.102,0.065
fases_grande_medio_f4,fases,grande,medio,f4,FIFO,16,3.287,0.045,5418.991,0.0
fases_grande_medio_f4,fases,grande,medio,f4,FIFO,32,1.737,0.011,3128.379,0.0
fases_medio_amplo_f8,fases,medio,amplo,f8,FIFO,4,0.321,0.01,952.541,0.0
fases_medio_amplo_f8,fases,medio,amplo,f8,FIFO,8,0.356,0.003,895.182,0.0
fases_medio_amplo_f8,fases,medio,amplo,f8,FIFO,16,0.31,0.015,778.291,0.0
fases_medio_amplo_f8,fases,medio,amplo,f8,FIFO,32,0.219,0.003,553.166,0.0
fases_medio_enorme_f4,fases,medio,enorme,f4,FIFO,4,0.389,0.003,1126.503,0.0
fases_medio_enorme_f4,fases,medio,enorme,f4,FIFO,8,0.432,0.013,1116.573,0.0
fases_medio_enorme_f4,fases,medio,enorme,f4,FIFO,16,0.422,0.003,1101.995,0.0
fases_medio_enorme_f4,fases,medio,enorme,f4,FIFO,32,0.38,0.004,1070.698,0.0
fases_medio_medio_f4,fases,medio,medio,f4,FIFO,4,0.344,0.003,719.682,0.0
fases_medio_medio_f4,fases,medio,medio,f4,FIFO,8,0.359,0.027,661.901,0.0
fases_medio_medio_f4,fases,medio,medio,f4,FIFO,16,0.286,0.003,546.861,0.0
fases_medio_medio_f4,fases,medio,medio,f4,FIFO,32,0.177,0.015,322.829,0.062
fases_medio_restrito_f2,fases,medio,restrito,f2,FIFO,4,0.263,0.004,455.752,0.0
fases_medio_restrito_f2,fases,medio,restrito,f2,FIFO,8,0.241,0.003,366.259,0.0
fases_medio_restrito_f2,fases,medio,restrito,f2,FIFO,16,0.164,0.002,196.673,0.0
fases_medio_restrito_f2,fases,medio,restrito,f2,FIFO,32,0.051,0.003,3.313,0.0
fases_pequeno_medio_f4,fases,pequeno,medio,f4,FIFO,4,0.061,0.001,144.125,0.0
fases_pequeno_medio_f4,fases,pequeno,medio,f4,FIFO,8,0.061,0.0,133.118,0.0
fases_pequeno_medio_f4,fases,pequeno,medio,f4,FIFO,16,0.053,0.0,108.258,0.0
fases_pequeno_medio_f4,fases,pequeno,medio,f4,FIFO,32,0.036,0.0,66.11,0.0
fases_pequeno_restrito_f2,fases,pequeno,restrito,f2,FIFO,4,0.052,0.0,91.75,0.0
fases_pequeno_restrito_f2,fases,pequeno,restrito,f2,FIFO,8,0.052,0.001,74.25,0.0
fases_pequeno_restrito_f2,fases,pequeno,restrito,f2,FIFO,16,0.033,0.0,40.375,0.0
fases_pequeno_restrito_f2,fases,pequeno,restrito,f2,FIFO,32,0.011,0.0,3.344,0.0
localidade_grande_amplo_ws40,localidade,grande,amplo,ws40,FIFO,4,4.245,0.051,8430.185,0.0
localidade_grande_amplo_ws40,localidade,grande,amplo,ws40,FIFO,8,4.433,0.249,8333.921,0.064
localidade_grande_amplo_ws40,localidade,grande,amplo,ws40,FIFO,16,4.127,0.033,8143.036,0.0
localidade_grande_amplo_ws40,localidade,grande,amplo,ws40,FIFO,32,4.279,0.311,7762.232,0.064
localidade_grande_enorme_ws10,localidade,grande,enorme,ws10,FIFO,4,4.239,0.043,8233.607,0.0
localidade_grande_enorme_ws10,localidade,grande,enorme,ws10,FIFO,8,4.822,0.091,8131.392,0.001
localidade_grande_enorme_ws10,localidade,grande,enorme,ws10,FIFO,16,4.125,0.038,7932.45,0.0
localidade_grande_enorme_ws10,localidade,grande,enorme,ws10,FIFO,32,4.029,0.031,7526.949,0.0
localidade_grande_medio_frequente70,localidade,grande,medio,frequente70,FIFO,4,3.369,0.039,6036.413,0.0
localidade_grande_medio_frequente70,localidade,grande,medio,frequente70,FIFO,8,3.676,0.505,5753.142,0.066
localidade_grande_medio_frequente70,localidade,grande,medio,frequente70,FIFO,16,3.179,0.04,5245.209,0.0
localidade_grande_medio_frequente70,localidade,grande,medio,frequente70,FIFO,32,3.091,0.402,4333.552,0.065
localidade_grande_restrito_frequente90,localidade,grande,restrito,frequente90,FIFO,4,2.128,0.024,3744.374,0.0
localidade_grande_restrito_frequente90,localidade,grande,restrito,frequente90,FIFO,8,1.863,0.011,2293.567,0.0
localidade_grande_restrito_frequente90,localidade,grande,restrito,frequente90,FIFO,16,1.185,0.007,957.336,0.025
localidade_grande_restrito_frequente90,localidade,grande,restrito,frequente90,FIFO,32,0.693,0.054,340.552,0.038
localidade_medio_amplo_ws40,localidade,medio,amplo,ws40,FIFO,4,0.419,0.008,845.581,0.0
localidade_medio_amplo_ws40,localidade,medio,amplo,ws40,FIFO,8,0.471,0.013,837.316,0.0
localidade_medio_amplo_ws40,localidade,medio,amplo,ws40,FIFO,16,0.444,0.021,820.019,0.0
localidade_medio_amplo_ws40,localidade,medio,amplo,ws40,FIFO,32,0.444,0.004,783.089,0.0
localidade_medio_enorme_ws10,localidade,medio,enorme,ws10,FIFO,4,0.411,0.004,822.925,0.0
localidade_medio_enorme_ws10,localidade,medio,enorme,ws10,FIFO,8,0.464,0.004,814.402,0.0
localidade_medio_enorme_ws10,localidade,medio,enorme,ws10,FIFO,16,0.443,0.021,794.011,0.0
localidade_medio_enorme_ws10,localidade,medio,enorme,ws10,FIFO,32,0.423,0.031,755.761,0.0
localidade_medio_medio_frequente70,localidade,medio,medio,frequente70,FIFO,4,0.367,0.005,605.627,0.0
localidade_medio_medio_frequente70,localidade,medio,medio,frequente70,FIFO,8,0.365,0.004,578.69,0.0
localidade_medio_medio_frequente70,localidade,medio,medio,frequente70,FIFO,16,0.353,0.021,525.245,0.0
localidade_medio_medio_frequente70,localidade,medio,medio,frequente70,FIFO,32,0.305,0.013,436.58,0.0
localidade_medio_restrito_frequente90,localidade,medio,restrito,frequente90,FIFO,4,0.222,0.03,372.642,0.062
localidade_medio_restrito_frequente90,localidade,medio,restrito,frequente90,FIFO,8,0.189,0.002,232.079,0.0
localidade_medio_restrito_frequente90,localidade,medio,restrito,frequente90,FIFO,16,0.112,0.008,96.993,0.062
localidade_medio_restrito_frequente90,localidade,medio,restrito,frequente90,FIFO,32,0.069,0.002,36.157,0.0
localidade_pequeno_medio_frequente70,localidade,pequeno,medio,frequente70,FIFO,4,0.066,0.0,120.305,0.0
localidade_pequeno_medio_frequente70,localidade,pequeno,medio,frequente70,FIFO,8,0.065,0.001,113.774,0.0
localidade_pequeno_medio_frequente70,localidade,pequeno,medio,frequente70,FIFO,16,0.059,0.001,103.539,0.0
localidade_pequeno_medio_frequente70,localidade,pequeno,medio,frequente70,FIFO,32,0.052,0.0,86.188,0.0
localidade_pequeno_restrito_frequente90,localidade,pequeno,restrito,frequente90,FIFO,4,0.046,0.001,74.196,0.0
localidade_pequeno_restrito_frequente90,localidade,pequeno,restrito,frequente90,FIFO,8,0.037,0.0,47.617,0.0
localidade_pequeno_restrito_frequente90,localidade,pequeno,restrito,frequente90,FIFO,16,0.024,0.0,21.836,0.0
localidade_pequeno_restrito_frequente90,localidade,pequeno,restrito,frequente90,FIFO,32,0.014,0.0,8.867,0.0
sequencial_extragrande_amplo,sequencial,extragrande,amplo,,FIFO,4,31.487,0.233,101187.851,0.003
sequencial_extragrande_amplo,sequencial,extragrande,amplo,,FIFO,8,33.63,1.763,101187.801,0.013
sequencial_extragrande_amplo,sequencial,extragrande,amplo,,FIFO,16,30.835,1.153,101187.799,0.01
sequencial_extragrande_amplo,sequencial,extragrande,amplo,,FIFO,32,30.803,1.251,101187.815,0.01
sequencial_grande_amplo,sequencial,grande,amplo,,FIFO,4,2.908,0.385,10118.871,0.065
sequencial_grande_amplo,sequencial,grande,amplo,,FIFO,8,3.833,1.039,10118.854,0.007
sequencial_grande_amplo,sequencial,grande,amplo,,FIFO,16,3.163,0.029,10118.865,0.0
sequencial_grande_amplo,sequencial,grande,amplo,,FIFO,32,3.164,0.034,10118.881,0.0
sequencial_grande_medio,sequencial,grande,medio,,FIFO,4,2.56,0.021,5468.97,0.0
sequencial_grande_medio,sequencial,grande,medio,,FIFO,8,2.435,0.302,5468.931,0.064
sequencial_grande_medio,sequencial,grande,medio,,FIFO,16,2.682,0.028,5469.112,0.0
sequencial_grande_medio,sequencial,grande,medio,,FIFO,32,2.666,0.22,5469.377,0.001
sequencial_medio_amplo,sequencial,medio,amplo,,FIFO,4,0.306,0.006,1012.018,0.0
sequencial_medio_amplo,sequencial,medio,amplo,,FIFO,8,0.311,0.011,1011.955,0.0
sequencial_medio_amplo,sequencial,medio,amplo,,FIFO,16,0.295,0.01,1011.971,0.0
sequencial_medio_amplo,sequencial,medio,amplo,,FIFO,32,0.302,0.019,1011.986,0.0
sequencial_medio_medio,sequencial,medio,medio,,FIFO,4,0.252,0.001,547.08,0.0
sequencial_medio_medio,sequencial,medio,medio,,FIFO,8,0.265,0.006,547.08,0.0
sequencial_medio_medio,sequencial,medio,medio,,FIFO,16,0.251,0.016,547.22,0.0
sequencial_medio_medio,sequencial,medio,medio,,FIFO,32,0.249,0.003,547.486,0.0
sequencial_minimo_restrito,sequencial,minimo,restrito,,FIFO,4,0.013,0.0,27.547,0.0
sequencial_minimo_restrito,sequencial,minimo,restrito,,FIFO,8,0.014,0.0,27.547,0.0
sequencial_minimo_restrito,sequencial,minimo,restrito,,FIFO,16,0.013,0.0,27.688,0.0
sequencial_minimo_restrito,sequencial,minimo,restrito,,FIFO,32,0.003,0.0,1.438,0.0
sequencial_pequeno_restrito,sequencial,pequeno,restrito,,FIFO,4,0.053,0.001,109.578,0.0
sequencial_pequeno_restrito,sequencial,pequeno,restrito,,FIFO,8,0.056,0.0,109.579,0.0
sequencial_pequeno_restrito,sequencial,pequeno,restrito,,FIFO,16,0.049,0.003,109.719,0.0
sequencial_pequeno_restrito,sequencial,pequeno,restrito,,FIFO,32,0.011,0.0,1.359,0.0
aleatorio_extragrande_amplo,aleatorio,extragrande,amplo,,LFU,4,107.798,3.903,186030.317,0.002
aleatorio_extragrande_amplo,aleatorio,extragrande,amplo,,LFU,8,170.376,3.354,216024.159,0.004
aleatorio_extragrande_amplo,aleatorio,extragrande,amplo,,LFU,16,259.81,2.125,319673.517,0.005
aleatorio_extragrande_amplo,aleatorio,extragrande,amplo,,LFU,32,418.087,10.296,501868.487,0.008
aleatorio_grande_amplo,aleatorio,grande,amplo,,LFU,4,10.323,0.333,20136.077,0.002
aleatorio_grande_amplo,aleatorio,grande,amplo,,LFU,8,15.569,0.118,24679.659,0.001
aleatorio_grande_amplo,aleatorio,grande,amplo,,LFU,16,25.408,0.192,31952.56,0.001
aleatorio_grande_amplo,aleatorio,grande,amplo,,LFU,32,43.222,0.8,50097.239,0.009
aleatorio_grande_enorme,aleatorio,grande,enorme,,LFU,4,9.841,0.138,22023.043,0.001
aleatorio_grande_enorme,aleatorio,grande,enorme,,LFU,8,16.788,0.135,28208.347,0.001
aleatorio_grande_enorme,aleatorio,grande,enorme,,LFU,16,26.281,0.549,38984.129,0.003
aleatorio_grande_enorme,aleatorio,grande,enorme,,LFU,32,46.588,1.962,63308.026,0.02
aleatorio_grande_medio,aleatorio,grande,medio,,LFU,4,9.333,0.437,8379.352,0.003
aleatorio_grande_medio,aleatorio,grande,medio,,LFU,8,12.07,0.134,8186.761,0.001
aleatorio_grande_medio,aleatorio,grande,medio,,LFU,16,21.252,0.245,7803.455,0.003
aleatorio_grande_medio,aleatorio,grande,medio,,LFU,32,27.442,0.233,7020.917,0.001
aleatorio_medio_amplo,aleatorio,medio,amplo,,LFU,4,1.151,0.038,1993.461,0.0
aleatorio_medio_amplo,aleatorio,medio,amplo,,LFU,8,1.679,0.023,2439.785,0.0
aleatorio_medio_amplo,aleatorio,medio,amplo,,LFU,16,2.754,0.035,3320.753,0.0
aleatorio_medio_amplo,aleatorio,medio,amplo,,LFU,32,4.667,0.073,4942.172,0.001
aleatorio_medio_enorme,aleatorio,medio,enorme,,LFU,4,1.236,0.018,2193.86,0.0
aleatorio_medio_enorme,aleatorio,medio,enorme,,LFU,8,1.964,0.03,2807.06,0.0
aleatorio_medio_enorme,aleatorio,medio,enorme,,LFU,16,3.03,0.051,3887.614,0.0
aleatorio_medio_enorme,aleatorio,medio,enorme,,LFU,32,5.385,0.041,6279.849,0.0
aleatorio_medio_medio,aleatorio,medio,medio,,LFU,4,0.921,0.106,832.002,0.03
aleatorio_medio_medio,aleatorio,medio,medio,,LFU,8,1.333,0.014,805.4,0.0
aleatorio_medio_medio,aleatorio,medio,medio,,LFU,16,2.09,0.022,754.561,0.0
aleatorio_medio_medio,aleatorio,medio,medio,,LFU,32,2.903,0.22,654.91,0.002
aleatorio_medio_restrito,aleatorio,medio,restrito,,LFU,4,0.81,0.012,747.888,0.0
aleatorio_medio_restrito,aleatorio,medio,restrito,,LFU,8,0.985,0.02,642.202,0.0
aleatorio_medio_restrito,aleatorio,medio,restrito,,LFU,16,0.641,0.014,442.106,0.0
aleatorio_medio_restrito,aleatorio,medio,restrito,,LFU,32,0.256,0.004,349.783,0.0
aleatorio_minimo_medio,aleatorio,minimo,medio,,LFU,4,0.044,0.0,38.797,0.0
aleatorio_minimo_medio,aleatorio,minimo,medio,,LFU,8,0.066,0.001,37.61,0.0
aleatorio_minimo_medio,aleatorio,minimo,medio,,LFU,16,0.103,0.002,35.704,0.0
aleatorio_minimo_medio,aleatorio,minimo,medio,,LFU,32,0.151,0.009,31.985,0.0
aleatorio_minimo_restrito,aleatorio,minimo,restrito,,LFU,4,0.04,0.006,35.654,5.293
aleatorio_minimo_restrito,aleatorio,minimo,restrito,,LFU,8,0.046,0.002,28.235,0.0
aleatorio_minimo_restrito,aleatorio,minimo,restrito,,LFU,16,0.028,0.0,16.516,0.0
aleatorio_minimo_restrito,aleatorio,minimo,restrito,,LFU,32,0.013,0.001,10.563,0.0
aleatorio_pequeno_amplo,aleatorio,pequeno,amplo,,LFU,4,0.262,0.004,342.689,0.0
aleatorio_pequeno_amplo,aleatorio,pequeno,amplo,,LFU,8,0.421,0.005,451.862,0.0
aleatorio_pequeno_amplo,aleatorio,pequeno,amplo,,LFU,16,0.734,0.014,629.599,0.0
aleatorio_pequeno_amplo,aleatorio,pequeno,amplo,,LFU,32,1.133,0.011,974.133,0.0
aleatorio_pequeno_medio,aleatorio,pequeno,medio,,LFU,4,0.171,0.002,163.704,0.0
aleatorio_pequeno_medio,aleatorio,pequeno,medio,,LFU,8,0.263,0.001,158.767,0.0
aleatorio_pequeno_medio,aleatorio,pequeno,medio,,LFU,16,0.401,0.007,149.987,0.0
aleatorio_pequeno_medio,aleatorio,pequeno,medio,,LFU,32,0.58,0.037,131.52,0.0
aleatorio_pequeno_restrito,aleatorio,pequeno,restrito,,LFU,4,0.183,0.035,169.689,39.916
aleatorio_pequeno_restrito,aleatorio,pequeno,restrito,,LFU,8,0.184,0.003,120.329,0.0
aleatorio_pequeno_restrito,aleatorio,pequeno,restrito,,LFU,16,0.142,0.005,72.134,0.0
aleatorio_pequeno_restrito,aleatorio,pequeno,restrito,,LFU,32,0.056,0.003,45.719,0.0
fases_extragrande_amplo_f8,fases,extragrande,amplo,f8,LFU,4,112.283,9.375,153798.058,0.06
fases_extragrande_amplo_f8,fases,extragrande,amplo,f8,LFU,8,154.839,10.873,153412.514,0.005
fases_extragrande_amplo_f8,fases,extragrande,amplo,f8,LFU,16,226.532,2.899,152644.556,0.005
fases_extragrande_amplo_f8,fases,extragrande,amplo,f8,LFU,32,378.009,9.234,151101.44,0.007
fases_grande_amplo_f8,fases,grande,amplo,f8,LFU,4,9.479,0.342,15368.665,0.002
fases_grande_amplo_f8,fases,grande,amplo,f8,LFU,8,14.718,1.328,15323.001,0.04
fases_grande_amplo_f8,fases,grande,amplo,f8,LFU,16,20.253,1.184,15231.799,0.008
fases_grande_amplo_f8,fases,grande,amplo,f8,LFU,32,41.91,0.998,15050.276,0.009
fases_grande_enorme_f8,fases,grande,enorme,f8,LFU,4,9.967,0.073,20423.012,0.001
fases_grande_enorme_f8,fases,grande,enorme,f8,LFU,8,14.071,0.127,25043.79,0.001
fases_grande_enorme_f8,fases,grande,enorme,f8,LFU,16,26.693,0.276,34231.006,0.001
fases_grande_enorme_f8,fases,grande,enorme,f8,LFU,32,41.376,0.718,47799.852,0.009
fases_grande_medio_f4,fases,grande,medio,f4,LFU,4,13.022,0.337,14759.4,0.002
fases_grande_medio_f4,fases,grande,medio,f4,LFU,8,17.948,0.221,14599.401,0.002
fases_grande_medio_f4,fases,grande,medio,f4,LFU,16,21.771,0.528,11439.345,0.034
fases_grande_medio_f4,fases,grande,medio,f4,LFU,32,33.784,2.944,11031.344,0.05
fases_medio_amplo_f8,fases,medio,amplo,f8,LFU,4,0.998,0.014,1533.831,0.031
fases_medio_amplo_f8,fases,medio,amplo,f8,LFU,8,1.414,0.03,1528.814,0.0
fases_medio_amplo_f8,fases,medio,amplo,f8,LFU,16,2.1,0.108,1519.245,0.032
fases_medio_amplo_f8,fases,medio,amplo,f8,LFU,32,3.78,0.036,1500.619,0.0
fases_medio_enorme_f4,fases,medio,enorme,f4,LFU,4,1.102,0.009,1891.843,0.0
fases_medio_enorme_f4,fases,medio,enorme,f4,LFU,8,1.637,0.035,2359.745,0.0
fases_medio_enorme_f4,fases,medio,enorme,f4,LFU,16,2.65,0.025,3425.721,0.0
fases_medio_enorme_f4,fases,medio,enorme,f4,LFU,32,4.58,0.081,5690.234,0.0
fases_medio_medio_f4,fases,medio,medio,f4,LFU,4,1.024,0.106,1179.425,0.03
fases_medio_medio_f4,fases,medio,medio,f4,LFU,8,1.767,0.036,1462.074,0.0
fases_medio_medio_f4,fases,medio,medio,f4,LFU,16,2.209,0.018,1143.734,0.0
fases_medio_medio_f4,fases,medio,medio,f4,LFU,32,3.725,0.065,1097.838,0.0
fases_medio_restrito_f2,fases,medio,restrito,f2,LFU,4,0.86,0.019,798.58,0.031
fases_medio_restrito_f2,fases,medio,restrito,f2,LFU,8,1.198,0.01,752.375,0.0
fases_medio_restrito_f2,fases,medio,restrito,f2,LFU,16,1.648,0.022,663.585,0.031
fases_medio_restrito_f2,fases,medio,restrito,f2,LFU,32,1.766,0.019,495.309,0.0
fases_pequeno_medio_f4,fases,pequeno,medio,f4,LFU,4,0.187,0.005,233.501,0.0
fases_pequeno_medio_f4,fases,pequeno,medio,f4,LFU,8,0.293,0.005,230.439,0.0
fases_pequeno_medio_f4,fases,pequeno,medio,f4,LFU,16,0.412,0.004,226.159,0.0
fases_pequeno_medio_f4,fases,pequeno,medio,f4,LFU,32,0.737,0.01,217.38,0.0
fases_pequeno_restrito_f2,fases,pequeno,restrito,f2,LFU,4,0.169,0.002,156.267,0.0
fases_pequeno_restrito_f2,fases,pequeno,restrito,f2,LFU,8,0.226,0.002,146.83,0.0
fases_pequeno_restrito_f2,fases,pequeno,restrito,f2,LFU,16,0.336,0.015,126.737,0.0
fases_pequeno_restrito_f2,fases,pequeno,restrito,f2,LFU,32,0.311,0.015,91.33,0.0
localidade_grande_amplo_ws40,localidade,grande,amplo,ws40,LFU,4,11.442,0.116,17658.87,0.032
localidade_grande_amplo_ws40,localidade,grande,amplo,ws40,LFU,8,15.263,0.316,17502.61,0.002
localidade_grande_amplo_ws40,localidade,grande,amplo,ws40,LFU,16,25.701,0.23,21534.89,0.004
localidade_grande_amplo_ws40,localidade,grande,amplo,ws40,LFU,32,39.181,0.73,28801.009,0.005
localidade_grande_enorme_ws10,localidade,grande,enorme,ws10,LFU,4,11.242,0.573,17359.021,0.004
localidade_grande_enorme_ws10,localidade,grande,enorme,ws10,LFU,8,14.863,0.275,18683.202,0.002
localidade_grande_enorme_ws10,localidade,grande,enorme,ws10,LFU,16,25.289,0.212,21181.95,0.0
localidade_grande_enorme_ws10,localidade,grande,enorme,ws10,LFU,32,36.431,0.301,28195.444,0.001
localidade_grande_medio_frequente70,localidade,grande,medio,frequente70,LFU,4,13.332,0.188,12457.371,0.002
localidade_grande_medio_frequente70,localidade,grande,medio,frequente70,LFU,8,16.702,0.382,11905.549,0.003
localidade_grande_medio_frequente70,localidade,grande,medio,frequente70,LFU,16,18.339,0.108,8537.201,0.0
localidade_grande_medio_frequente70,localidade,grande,medio,frequente70,LFU,32,20.964,0.213,7222.289,0.002
localidade_grande_restrito_frequente90,localidade,grande,restrito,frequente90,LFU,4,7.139,0.198,6833.478,0.001
localidade_grande_restrito_frequente90,localidade,grande,restrito,frequente90,LFU,8,6.182,0.056,5204.237,0.001
localidade_grande_restrito_frequente90,localidade,grande,restrito,frequente90,LFU,16,4.187,0.032,4267.474,0.0
localidade_grande_restrito_frequente90,localidade,grande,restrito,frequente90,LFU,32,4.318,0.041,4049.818,0.0
localidade_medio_amplo_ws40,localidade,medio,amplo,ws40,LFU,4,1.107,0.03,1458.179,0.0
localidade_medio_amplo_ws40,localidade,medio,amplo,ws40,LFU,8,1.531,0.015,1599.565,0.0
localidade_medio_amplo_ws40,localidade,medio,amplo,ws40,LFU,16,2.539,0.017,1874.767,0.0
localidade_medio_amplo_ws40,localidade,medio,amplo,ws40,LFU,32,4.052,0.027,3005.887,0.0
localidade_medio_enorme_ws10,localidade,medio,enorme,ws10,LFU,4,1.13,0.044,1430.535,0.031
localidade_medio_enorme_ws10,localidade,medio,enorme,ws10,LFU,8,1.636,0.043,1568.331,0.0
localidade_medio_enorme_ws10,localidade,medio,enorme,ws10,LFU,16,2.505,0.065,1831.997,0.031
localidade_medio_enorme_ws10,localidade,medio,enorme,ws10,LFU,32,3.986,0.047,2417.089,0.0
localidade_medio_medio_frequente70,localidade,medio,medio,frequente70,LFU,4,0.99,0.036,951.983,0.0
localidade_medio_medio_frequente70,localidade,medio,medio,frequente70,LFU,8,1.312,0.025,911.439,0.0
localidade_medio_medio_frequente70,localidade,medio,medio,frequente70,LFU,16,1.952,0.031,832.373,0.0
localidade_medio_medio_frequente70,localidade,medio,medio,frequente70,LFU,32,1.848,0.027,675.317,0.0
localidade_medio_restrito_frequente90,localidade,medio,restrito,frequente90,LFU,4,0.726,0.006,675.95,0.0
localidade_medio_restrito_frequente90,localidade,medio,restrito,frequente90,LFU,8,0.632,0.007,504.918,0.0
localidade_medio_restrito_frequente90,localidade,medio,restrito,frequente90,LFU,16,0.433,0.004,406.604,0.0
localidade_medio_restrito_frequente90,localidade,medio,restrito,frequente90,LFU,32,0.448,0.024,382.546,0.031
localidade_pequeno_medio_frequente70,localidade,pequeno,medio,frequente70,LFU,4,0.191,0.003,187.228,0.0
localidade_pequeno_medio_frequente70,localidade,pequeno,medio,frequente70,LFU,8,0.265,0.002,180.705,0.0
localidade_pequeno_medio_frequente70,localidade,pequeno,medio,frequente70,LFU,16,0.381,0.012,165.299,0.0
localidade_pequeno_medio_frequente70,localidade,pequeno,medio,frequente70,LFU,32,0.448,0.013,135.003,0.0
localidade_pequeno_restrito_frequente90,localidade,pequeno,restrito,frequente90,LFU,4,0.146,0.003,128.649,0.0
localidade_pequeno_restrito_frequente90,localidade,pequeno,restrito,frequente90,LFU,8,0.131,0.002,89.852,0.0
localidade_pequeno_restrito_frequente90,localidade,pequeno,restrito,frequente90,LFU,16,0.088,0.001,64.744,0.004
localidade_pequeno_restrito_frequente90,localidade,pequeno,restrito,frequente90,LFU,32,0.082,0.005,60.154,0.016
sequencial_extragrande_amplo,sequencial,extragrande,amplo,,LFU,4,89.586,2.006,190560.126,0.039
sequencial_extragrande_amplo,sequencial,extragrande,amplo,,LFU,8,137.828,2.224,237059.863,0.004
sequencial_extragrande_amplo,sequencial,extragrande,amplo,,LFU,16,245.758,5.912,330058.872,0.164
sequencial_extragrande_amplo,sequencial,extragrande,amplo,,LFU,32,437.915,20.433,516053.646,0.008
sequencial_grande_amplo,sequencial,grande,amplo,,LFU,4,8.991,0.068,19053.357,0.001
sequencial_grande_amplo,sequencial,grande,amplo,,LFU,8,14.037,0.086,23702.86,0.001
sequencial_grande_amplo,sequencial,grande,amplo,,LFU,16,24.205,0.208,33001.396,0.002
sequencial_grande_amplo,sequencial,grande,amplo,,LFU,32,44.226,0.534,51595.435,0.001
sequencial_grande_medio,sequencial,grande,medio,,LFU,4,8.893,1.718,10153.556,2490.002
sequencial_grande_medio,sequencial,grande,medio,,LFU,8,12.907,0.662,8591.165,0.005
sequencial_grande_medio,sequencial,grande,medio,,LFU,16,23.262,0.344,8591.514,0.003
sequencial_grande_medio,sequencial,grande,medio,,LFU,32,40.366,1.372,8592.156,0.008
sequencial_medio_amplo,sequencial,medio,amplo,,LFU,4,0.92,0.034,1902.678,0.0
sequencial_medio_amplo,sequencial,medio,amplo,,LFU,8,1.38,0.045,2367.15,0.0
sequencial_medio_amplo,sequencial,medio,amplo,,LFU,16,2.421,0.019,3295.626,0.0
sequencial_medio_amplo,sequencial,medio,amplo,,LFU,32,4.323,0.048,5149.545,0.0
sequencial_medio_medio,sequencial,medio,medio,,LFU,4,0.788,0.044,856.708,0.0
sequencial_medio_medio,sequencial,medio,medio,,LFU,8,1.254,0.019,856.712,0.0
sequencial_medio_medio,sequencial,medio,medio,,LFU,16,2.236,0.067,857.0,0.0
sequencial_medio_medio,sequencial,medio,medio,,LFU,32,3.953,0.029,857.542,0.0
sequencial_minimo_restrito,sequencial,minimo,restrito,,LFU,4,0.037,0.0,40.297,0.0
sequencial_minimo_restrito,sequencial,minimo,restrito,,LFU,8,0.061,0.001,40.297,0.0
sequencial_minimo_restrito,sequencial,minimo,restrito,,LFU,16,0.107,0.001,40.579,0.0
sequencial_minimo_restrito,sequencial,minimo,restrito,,LFU,32,0.013,0.001,10.563,0.0
sequencial_pequeno_restrito,sequencial,pequeno,restrito,,LFU,4,0.141,0.007,169.204,0.0
sequencial_pequeno_restrito,sequencial,pequeno,restrito,,LFU,8,0.246,0.009,169.205,0.0
sequencial_pequeno_restrito,sequencial,pequeno,restrito,,LFU,16,0.437,0.003,169.487,0.0
sequencial_pequeno_restrito,sequencial,pequeno,restrito,,LFU,32,0.054,0.006,45.719,0.0
aleatorio_extragrande_amplo,aleatorio,extragrande,amplo,,LRU,4,39.46,0.651,62379.089,0.006
aleatorio_extragrande_amplo,aleatorio,extragrande,amplo,,LRU,8,44.902,0.47,62474.622,0.001
aleatorio_extragrande_amplo,aleatorio,extragrande,amplo,,LRU,16,43.9,0.5,62660.59,0.006
aleatorio_extragrande_amplo,aleatorio,extragrande,amplo,,LRU,32,44.538,2.7,63034.294,0.021
aleatorio_grande_amplo,aleatorio,grande,amplo,,LRU,4,4.175,0.101,6242.345,0.018
aleatorio_grande_amplo,aleatorio,grande,amplo,,LRU,8,4.521,0.292,6252.218,0.002
aleatorio_grande_amplo,aleatorio,grande,amplo,,LRU,16,4.886,0.108,6271.697,0.001
aleatorio_grande_amplo,aleatorio,grande,amplo,,LRU,32,4.744,0.398,6308.833,0.021
aleatorio_grande_enorme,aleatorio,grande,enorme,,LRU,4,3.991,0.059,6833.66,0.0
aleatorio_grande_enorme,aleatorio,grande,enorme,,LRU,8,4.379,0.086,6836.315,0.018
aleatorio_grande_enorme,aleatorio,grande,enorme,,LRU,16,4.642,0.052,6842.024,0.0
aleatorio_grande_enorme,aleatorio,grande,enorme,,LRU,32,4.29,0.069,6854.67,0.0
aleatorio_grande_medio,aleatorio,grande,medio,,LRU,4,3.527,0.066,3906.477,0.0
aleatorio_grande_medio,aleatorio,grande,medio,,LRU,8,4.225,0.189,3906.482,0.001
aleatorio_grande_medio,aleatorio,grande,medio,,LRU,16,4.22,0.094,3906.622,0.001
aleatorio_grande_medio,aleatorio,grande,medio,,LRU,32,3.832,0.067,3906.885,0.001
aleatorio_medio_amplo,aleatorio,medio,amplo,,LRU,4,0.405,0.007,623.159,0.0
aleatorio_medio_amplo,aleatorio,medio,amplo,,LRU,8,0.466,0.02,623.948,0.0
aleatorio_medio_amplo,aleatorio,medio,amplo,,LRU,16,0.455,0.014,625.769,0.0
aleatorio_medio_amplo,aleatorio,medio,amplo,,LRU,32,0.457,0.015,629.425,0.0
aleatorio_medio_enorme,aleatorio,medio,enorme,,LRU,4,0.361,0.003,683.94,0.0
aleatorio_medio_enorme,aleatorio,medio,enorme,,LRU,8,0.48,0.004,684.136,0.0
aleatorio_medio_enorme,aleatorio,medio,enorme,,LRU,16,0.447,0.045,684.819,0.018
aleatorio_medio_enorme,aleatorio,medio,enorme,,LRU,32,0.447,0.007,686.46,0.019
aleatorio_medio_medio,aleatorio,medio,medio,,LRU,4,0.346,0.013,390.819,0.019
aleatorio_medio_medio,aleatorio,medio,medio,,LRU,8,0.401,0.02,390.819,0.019
aleatorio_medio_medio,aleatorio,medio,medio,,LRU,16,0.386,0.006,390.971,0.0
aleatorio_medio_medio,aleatorio,medio,medio,,LRU,32,0.383,0.016,391.237,0.0
aleatorio_medio_restrito,aleatorio,medio,restrito,,LRU,4,0.336,0.002,390.791,0.0
aleatorio_medio_restrito,aleatorio,medio,restrito,,LRU,8,0.364,0.006,390.811,0.031
aleatorio_medio_restrito,aleatorio,medio,restrito,,LRU,16,0.335,0.011,390.959,0.019
aleatorio_medio_restrito,aleatorio,medio,restrito,,LRU,32,0.271,0.019,390.947,0.0
aleatorio_minimo_medio,aleatorio,minimo,medio,,LRU,4,0.018,0.001,19.734,0.0
aleatorio_minimo_medio,aleatorio,minimo,medio,,LRU,8,0.021,0.001,19.735,0.0
aleatorio_minimo_medio,aleatorio,minimo,medio,,LRU,16,0.021,0.003,19.875,0.0
aleatorio_minimo_medio,aleatorio,minimo,medio,,LRU,32,0.019,0.001,20.141,0.0
aleatorio_minimo_restrito,aleatorio,minimo,restrito,,LRU,4,0.016,0.0,19.734,0.0
aleatorio_minimo_restrito,aleatorio,minimo,restrito,,LRU,8,0.017,0.0,19.734,0.0
aleatorio_minimo_restrito,aleatorio,minimo,restrito,,LRU,16,0.015,0.0,19.875,0.0
aleatorio_minimo_restrito,aleatorio,minimo,restrito,,LRU,32,0.014,0.0,19.852,0.0
aleatorio_pequeno_amplo,aleatorio,pequeno,amplo,,LRU,4,0.081,0.006,124.501,0.0
aleatorio_pequeno_amplo,aleatorio,pequeno,amplo,,LRU,8,0.096,0.003,124.704,0.0
aleatorio_pequeno_amplo,aleatorio,pequeno,amplo,,LRU,16,0.093,0.01,125.192,0.019
aleatorio_pequeno_amplo,aleatorio,pequeno,amplo,,LRU,32,0.088,0.005,126.141,0.0
aleatorio_pequeno_medio,aleatorio,pequeno,medio,,LRU,4,0.074,0.011,78.329,0.0
aleatorio_pequeno_medio,aleatorio,pequeno,medio,,LRU,8,0.082,0.004,78.31,0.015
aleatorio_pequeno_medio,aleatorio,pequeno,medio,,LRU,16,0.079,0.002,78.452,0.014
aleatorio_pequeno_medio,aleatorio,pequeno,medio,,LRU,32,0.078,0.0,78.735,0.0
aleatorio_pequeno_restrito,aleatorio,pequeno,restrito,,LRU,4,0.068,0.001,78.329,0.0
aleatorio_pequeno_restrito,aleatorio,pequeno,restrito,,LRU,8,0.078,0.004,78.329,0.0
aleatorio_pequeno_restrito,aleatorio,pequeno,restrito,,LRU,16,0.06,0.0,78.469,0.0
aleatorio_pequeno_restrito,aleatorio,pequeno,restrito,,LRU,32,0.051,0.006,78.446,0.0
fases_extragrande_amplo_f8,fases,extragrande,amplo,f8,LRU,4,39.3,0.421,62995.76,0.001
fases_extragrande_amplo_f8,fases,extragrande,amplo,f8,LRU,8,42.901,1.522,63741.085,0.01
fases_extragrande_amplo_f8,fases,extragrande,amplo,f8,LRU,16,43.064,0.628,65239.158,0.006
fases_extragrande_amplo_f8,fases,extragrande,amplo,f8,LRU,32,38.722,3.993,68230.709,0.023
fases_grande_amplo_f8,fases,grande,amplo,f8,LRU,4,3.741,0.026,6301.994,0.0
fases_grande_amplo_f8,fases,grande,amplo,f8,LRU,8,4.354,0.172,6375.424,0.018
fases_grande_amplo_f8,fases,grande,amplo,f8,LRU,16,4.186,0.028,6524.294,0.0
fases_grande_amplo_f8,fases,grande,amplo,f8,LRU,32,3.764,0.204,6822.072,0.001
fases_grande_enorme_f8,fases,grande,enorme,f8,LRU,4,3.665,0.079,6856.306,0.0
fases_grande_enorme_f8,fases,grande,enorme,f8,LRU,8,4.429,0.088,6879.565,0.018
fases_grande_enorme_f8,fases,grande,enorme,f8,LRU,16,4.429,0.13,6926.6,0.001
fases_grande_enorme_f8,fases,grande,enorme,f8,LRU,32,4.238,0.042,7018.927,0.0
fases_grande_medio_f4,fases,grande,medio,f4,LRU,4,3.922,0.163,5076.839,0.001
fases_grande_medio_f4,fases,grande,medio,f4,LRU,8,4.533,0.562,5122.765,0.004
fases_grande_medio_f4,fases,grande,medio,f4,LRU,16,4.034,0.055,5212.996,0.0
fases_grande_medio_f4,fases,grande,medio,f4,LRU,32,3.593,0.083,5391.513,0.018
fases_medio_amplo_f8,fases,medio,amplo,f8,LRU,4,0.367,0.01,629.409,0.0
fases_medio_amplo_f8,fases,medio,amplo,f8,LRU,8,0.417,0.006,636.854,0.0
fases_medio_amplo_f8,fases,medio,amplo,f8,LRU,16,0.408,0.003,651.768,0.0
fases_medio_amplo_f8,fases,medio,amplo,f8,LRU,32,0.361,0.017,680.897,0.019
fases_medio_enorme_f4,fases,medio,enorme,f4,LRU,4,0.388,0.042,685.018,0.0
fases_medio_enorme_f4,fases,medio,enorme,f4,LRU,8,0.437,0.014,686.503,0.0
fases_medio_enorme_f4,fases,medio,enorme,f4,LRU,16,0.453,0.029,688.898,0.018
fases_medio_enorme_f4,fases,medio,enorme,f4,LRU,32,0.431,0.018,693.808,0.0
fases_medio_medio_f4,fases,medio,medio,f4,LRU,4,0.364,0.004,510.604,0.0
fases_medio_medio_f4,fases,medio,medio,f4,LRU,8,0.414,0.004,515.429,0.019
fases_medio_medio_f4,fases,medio,medio,f4,LRU,16,0.417,0.016,524.964,0.0
fases_medio_medio_f4,fases,medio,medio,f4,LRU,32,0.347,0.009,543.002,0.0
fases_medio_restrito_f2,fases,medio,restrito,f2,LRU,4,0.377,0.038,390.831,0.0
fases_medio_restrito_f2,fases,medio,restrito,f2,LRU,8,0.383,0.003,390.819,0.019
fases_medio_restrito_f2,fases,medio,restrito,f2,LRU,16,0.292,0.013,390.951,0.031
fases_medio_restrito_f2,fases,medio,restrito,f2,LRU,32,0.278,0.015,391.799,0.0
fases_pequeno_medio_f4,fases,pequeno,medio,f4,LRU,4,0.078,0.002,101.992,0.017
fases_pequeno_medio_f4,fases,pequeno,medio,f4,LRU,8,0.087,0.001,102.989,0.018
fases_pequeno_medio_f4,fases,pequeno,medio,f4,LRU,16,0.08,0.002,104.954,0.0
fases_pequeno_medio_f4,fases,pequeno,medio,f4,LRU,32,0.068,0.0,108.875,0.0
fases_pequeno_restrito_f2,fases,pequeno,restrito,f2,LRU,4,0.069,0.001,78.329,0.0
fases_pequeno_restrito_f2,fases,pequeno,restrito,f2,LRU,8,0.079,0.005,78.329,0.0
fases_pequeno_restrito_f2,fases,pequeno,restrito,f2,LRU,16,0.062,0.001,78.469,0.0
fases_pequeno_restrito_f2,fases,pequeno,restrito,f2,LRU,32,0.054,0.002,79.297,0.0
localidade_grande_amplo_ws40,localidade,grande,amplo,ws40,LRU,4,4.132,0.185,5441.204,0.017
localidade_grande_amplo_ws40,localidade,grande,amplo,ws40,LRU,8,4.82,0.049,5449.396,0.019
localidade_grande_amplo_ws40,localidade,grande,amplo,ws40,LRU,16,4.639,0.041,5465.742,0.0
localidade_grande_amplo_ws40,localidade,grande,amplo,ws40,LRU,32,4.622,0.042,5497.883,0.0
localidade_grande_enorme_ws10,localidade,grande,enorme,ws10,LRU,4,4.164,0.356,5346.091,0.002
localidade_grande_enorme_ws10,localidade,grande,enorme,ws10,LRU,8,4.71,0.286,5354.368,0.002
localidade_grande_enorme_ws10,localidade,grande,enorme,ws10,LRU,16,4.699,0.153,5370.844,0.001
localidade_grande_enorme_ws10,localidade,grande,enorme,ws10,LRU,32,4.716,0.124,5403.942,0.018
localidade_grande_medio_frequente70,localidade,grande,medio,frequente70,LRU,4,3.8,0.116,4332.776,0.001
localidade_grande_medio_frequente70,localidade,grande,medio,frequente70,LRU,8,4.527,0.043,4334.722,0.019
localidade_grande_medio_frequente70,localidade,grande,medio,frequente70,LRU,16,4.281,0.196,4338.564,0.017
localidade_grande_medio_frequente70,localidade,grande,medio,frequente70,LRU,32,4.32,0.054,4347.631,0.0
localidade_grande_restrito_frequente90,localidade,grande,restrito,frequente90,LRU,4,3.124,0.02,3906.435,0.0
localidade_grande_restrito_frequente90,localidade,grande,restrito,frequente90,LRU,8,3.611,0.224,3906.454,0.002
localidade_grande_restrito_frequente90,localidade,grande,restrito,frequente90,LRU,16,3.043,0.025,3906.575,0.0
localidade_grande_restrito_frequente90,localidade,grande,restrito,frequente90,LRU,32,2.716,0.353,3906.858,0.033
localidade_medio_amplo_ws40,localidade,medio,amplo,ws40,LRU,4,0.414,0.004,545.897,0.019
localidade_medio_amplo_ws40,localidade,medio,amplo,ws40,LRU,8,0.463,0.008,546.534,0.0
localidade_medio_amplo_ws40,localidade,medio,amplo,ws40,LRU,16,0.452,0.009,548.148,0.019
localidade_medio_amplo_ws40,localidade,medio,amplo,ws40,LRU,32,0.465,0.016,551.585,0.019
localidade_medio_enorme_ws10,localidade,medio,enorme,ws10,LRU,4,0.414,0.022,534.706,0.0
localidade_medio_enorme_ws10,localidade,medio,enorme,ws10,LRU,8,0.462,0.027,535.331,0.0
localidade_medio_enorme_ws10,localidade,medio,enorme,ws10,LRU,16,0.444,0.004,537.253,0.0
localidade_medio_enorme_ws10,localidade,medio,enorme,ws10,LRU,32,0.467,0.009,540.554,0.019
localidade_medio_medio_frequente70,localidade,medio,medio,frequente70,LRU,4,0.371,0.004,434.221,0.0
localidade_medio_medio_frequente70,localidade,medio,medio,frequente70,LRU,8,0.468,0.007,434.366,0.019
localidade_medio_medio_frequente70,localidade,medio,medio,frequente70,LRU,16,0.456,0.04,434.917,0.0
localidade_medio_medio_frequente70,localidade,medio,medio,frequente70,LRU,32,0.418,0.031,435.975,0.019
localidade_medio_restrito_frequente90,localidade,medio,restrito,frequente90,LRU,4,0.325,0.024,390.791,0.0
localidade_medio_restrito_frequente90,localidade,medio,restrito,frequente90,LRU,8,0.384,0.017,390.807,0.0
localidade_medio_restrito_frequente90,localidade,medio,restrito,frequente90,LRU,16,0.299,0.006,390.932,0.0
localidade_medio_restrito_frequente90,localidade,medio,restrito,frequente90,LRU,32,0.28,0.009,391.225,0.019
localidade_pequeno_medio_frequente70,localidade,pequeno,medio,frequente70,LRU,4,0.077,0.0,86.687,0.015
localidade_pequeno_medio_frequente70,localidade,pequeno,medio,frequente70,LRU,8,0.088,0.008,86.739,0.019
localidade_pequeno_medio_frequente70,localidade,pequeno,medio,frequente70,LRU,16,0.086,0.002,86.959,0.018
localidade_pequeno_medio_frequente70,localidade,pequeno,medio,frequente70,LRU,32,0.084,0.002,87.407,0.0
localidade_pequeno_restrito_frequente90,localidade,pequeno,restrito,frequente90,LRU,4,0.072,0.003,78.329,0.0
localidade_pequeno_restrito_frequente90,localidade,pequeno,restrito,frequente90,LRU,8,0.066,0.001,78.329,0.0
localidade_pequeno_restrito_frequente90,localidade,pequeno,restrito,frequente90,LRU,16,0.062,0.002,78.469,0.0
localidade_pequeno_restrito_frequente90,localidade,pequeno,restrito,frequente90,LRU,32,0.053,0.003,78.735,0.0
sequencial_extragrande_amplo,sequencial,extragrande,amplo,,LRU,4,30.073,0.36,62312.903,0.005
sequencial_extragrande_amplo,sequencial,extragrande,amplo,,LRU,8,31.753,2.64,62312.914,0.019
sequencial_extragrande_amplo,sequencial,extragrande,amplo,,LRU,16,30.392,0.511,62313.046,0.005
sequencial_extragrande_amplo,sequencial,extragrande,amplo,,LRU,32,30.977,0.887,62313.316,0.006
sequencial_grande_amplo,sequencial,grande,amplo,,LRU,4,3.268,0.282,6231.452,0.002
sequencial_grande_amplo,sequencial,grande,amplo,,LRU,8,3.088,0.038,6231.451,0.0
sequencial_grande_amplo,sequencial,grande,amplo,,LRU,16,2.814,0.444,6231.582,0.015
sequencial_grande_amplo,sequencial,grande,amplo,,LRU,32,2.791,0.37,6231.847,0.015
sequencial_grande_medio,sequencial,grande,medio,,LRU,4,2.583,0.271,3906.439,0.014
sequencial_grande_medio,sequencial,grande,medio,,LRU,8,2.469,0.027,3906.431,0.0
sequencial_grande_medio,sequencial,grande,medio,,LRU,16,2.954,0.213,3906.602,0.02
sequencial_grande_medio,sequencial,grande,medio,,LRU,32,2.433,0.151,3906.837,0.001
sequencial_medio_amplo,sequencial,medio,amplo,,LRU,4,0.309,0.004,623.33,0.0
sequencial_medio_amplo,sequencial,medio,amplo,,LRU,8,0.288,0.015,623.33,0.0
sequencial_medio_amplo,sequencial,medio,amplo,,LRU,16,0.307,0.004,623.471,0.0
sequencial_medio_amplo,sequencial,medio,amplo,,LRU,32,0.301,0.011,623.736,0.0
sequencial_medio_medio,sequencial,medio,medio,,LRU,4,0.304,0.006,390.83,0.0
sequencial_medio_medio,sequencial,medio,medio,,LRU,8,0.276,0.003,390.83,0.0
sequencial_medio_medio,sequencial,medio,medio,,LRU,16,0.256,0.012,390.97,0.0
sequencial_medio_medio,sequencial,medio,medio,,LRU,32,0.281,0.034,391.236,0.0
sequencial_minimo_restrito,sequencial,minimo,restrito,,LRU,4,0.016,0.0,19.734,0.0
sequencial_minimo_restrito,sequencial,minimo,restrito,,LRU,8,0.016,0.0,19.734,0.0
sequencial_minimo_restrito,sequencial,minimo,restrito,,LRU,16,0.015,0.0,19.875,0.0
sequencial_minimo_restrito,sequencial,minimo,restrito,,LRU,32,0.012,0.0,19.813,0.0
sequencial_pequeno_restrito,sequencial,pequeno,restrito,,LRU,4,0.06,0.006,78.329,0.0
sequencial_pequeno_restrito,sequencial,pequeno,restrito,,LRU,8,0.059,0.001,78.329,0.0
sequencial_pequeno_restrito,sequencial,pequeno,restrito,,LRU,16,0.059,0.001,78.469,0.0
sequencial_pequeno_restrito,sequencial,pequeno,restrito,,LRU,32,0.049,0.001,78.428,0.029
aleatorio_extragrande_amplo,aleatorio,extragrande,amplo,,Otimo,4,348.658,22.659,148047.185,0.013
aleatorio_extragrande_amplo,aleatorio,extragrande,amplo,,Otimo,8,518.198,18.778,182644.5,0.0
aleatorio_extragrande_amplo,aleatorio,extragrande,amplo,,Otimo,16,807.697,23.895,244882.797,0.0
aleatorio_extragrande_amplo,aleatorio,extragrande,amplo,,Otimo,32,1386.74,39.184,349095.831,0.015
aleatorio_grande_amplo,aleatorio,grande,amplo,,Otimo,4,28.611,0.233,14689.871,0.004
aleatorio_grande_amplo,aleatorio,grande,amplo,,Otimo,8,42.839,0.159,18162.399,0.001
aleatorio_grande_amplo,aleatorio,grande,amplo,,Otimo,16,65.501,0.795,24453.586,0.0
aleatorio_grande_amplo,aleatorio,grande,amplo,,Otimo,32,113.0,1.268,34782.759,0.003
aleatorio_grande_enorme,aleatorio,grande,enorme,,Otimo,4,27.117,0.256,17564.002,0.003
aleatorio_grande_enorme,aleatorio,grande,enorme,,Otimo,8,43.24,0.777,22691.856,0.01
aleatorio_grande_enorme,aleatorio,grande,enorme,,Otimo,16,64.648,1.701,32487.696,0.002
aleatorio_grande_enorme,aleatorio,grande,enorme,,Otimo,32,115.999,1.425,50755.039,0.002
aleatorio_grande_medio,aleatorio,grande,medio,,Otimo,4,25.809,0.525,5575.578,0.005
aleatorio_grande_medio,aleatorio,grande,medio,,Otimo,8,37.159,0.383,5199.499,0.006
aleatorio_grande_medio,aleatorio,grande,medio,,Otimo,16,51.07,0.542,4721.51,0.001
aleatorio_grande_medio,aleatorio,grande,medio,,Otimo,32,66.757,0.615,4121.128,0.023
aleatorio_medio_amplo,aleatorio,medio,amplo,,Otimo,4,2.586,0.083,1474.721,0.001
aleatorio_medio_amplo,aleatorio,medio,amplo,,Otimo,8,3.673,0.04,1813.697,0.0
aleatorio_medio_amplo,aleatorio,medio,amplo,,Otimo,16,5.672,0.071,2423.976,0.001
aleatorio_medio_amplo,aleatorio,medio,amplo,,Otimo,32,8.719,0.095,3426.402,0.001
aleatorio_medio_enorme,aleatorio,medio,enorme,,Otimo,4,2.409,0.018,1845.641,0.0
aleatorio_medio_enorme,aleatorio,medio,enorme,,Otimo,8,3.441,0.04,2349.68,0.0
aleatorio_medio_enorme,aleatorio,medio,enorme,,Otimo,16,5.175,0.033,3338.566,0.0
aleatorio_medio_enorme,aleatorio,medio,enorme,,Otimo,32,8.725,0.106,5159.496,0.001
aleatorio_medio_medio,aleatorio,medio,medio,,Otimo,4,2.363,0.047,560.547,0.0
aleatorio_medio_medio,aleatorio,medio,medio,,Otimo,8,3.188,0.062,522.959,0.0
aleatorio_medio_medio,aleatorio,medio,medio,,Otimo,16,4.261,0.063,475.951,0.001
aleatorio_medio_medio,aleatorio,medio,medio,,Otimo,32,5.428,0.043,417.005,0.0
aleatorio_medio_restrito,aleatorio,medio,restrito,,Otimo,4,1.772,0.019,462.684,0.0
aleatorio_medio_restrito,aleatorio,medio,restrito,,Otimo,8,1.882,0.018,388.81,0.0
aleatorio_medio_restrito,aleatorio,medio,restrito,,Otimo,16,0.795,0.007,309.74,0.0
aleatorio_medio_restrito,aleatorio,medio,restrito,,Otimo,32,0.22,0.008,288.08,0.0
aleatorio_minimo_medio,aleatorio,minimo,medio,,Otimo,4,0.078,0.003,31.922,0.0
aleatorio_minimo_medio,aleatorio,minimo,medio,,Otimo,8,0.108,0.001,30.36,0.0
aleatorio_minimo_medio,aleatorio,minimo,medio,,Otimo,16,0.15,0.001,28.439,0.0
aleatorio_minimo_medio,aleatorio,minimo,medio,,Otimo,32,0.175,0.002,26.048,0.0
aleatorio_minimo_restrito,aleatorio,minimo,restrito,,Otimo,4,0.06,0.001,23.0,0.0
aleatorio_minimo_restrito,aleatorio,minimo,restrito,,Otimo,8,0.06,0.001,19.375,0.0
aleatorio_minimo_restrito,aleatorio,minimo,restrito,,Otimo,16,0.027,0.001,16.703,0.0
aleatorio_minimo_restrito,aleatorio,minimo,restrito,,Otimo,32,0.014,0.001,14.938,0.0
aleatorio_pequeno_amplo,aleatorio,pequeno,amplo,,Otimo,4,0.435,0.007,324.034,0.0
aleatorio_pequeno_amplo,aleatorio,pequeno,amplo,,Otimo,8,0.626,0.006,393.77,0.0
aleatorio_pequeno_amplo,aleatorio,pequeno,amplo,,Otimo,16,0.936,0.006,514.381,0.0
aleatorio_pequeno_amplo,aleatorio,pequeno,amplo,,Otimo,32,1.399,0.014,725.072,0.0
aleatorio_pequeno_medio,aleatorio,pequeno,medio,,Otimo,4,0.408,0.004,113.503,0.0
aleatorio_pequeno_medio,aleatorio,pequeno,medio,,Otimo,8,0.577,0.006,106.191,0.0
aleatorio_pequeno_medio,aleatorio,pequeno,medio,,Otimo,16,0.743,0.008,96.864,0.0
aleatorio_pequeno_medio,aleatorio,pequeno,medio,,Otimo,32,0.865,0.034,96.443,17.231
aleatorio_pequeno_restrito,aleatorio,pequeno,restrito,,Otimo,4,0.323,0.002,93.893,0.0
aleatorio_pequeno_restrito,aleatorio,pequeno,restrito,,Otimo,8,0.32,0.004,79.424,0.0
aleatorio_pequeno_restrito,aleatorio,pequeno,restrito,,Otimo,16,0.139,0.001,68.376,0.0
aleatorio_pequeno_restrito,aleatorio,pequeno,restrito,,Otimo,32,0.048,0.005,59.695,0.023
fases_extragrande_amplo_f8,fases,extragrande,amplo,f8,Otimo,4,259.905,23.55,131623.236,0.262
fases_extragrande_amplo_f8,fases,extragrande,amplo,f8,Otimo,8,353.91,11.823,144874.922,0.0
fases_extragrande_amplo_f8,fases,extragrande,amplo,f8,Otimo,16,461.285,14.896,156865.25,0.0
fases_extragrande_amplo_f8,fases,extragrande,amplo,f8,Otimo,32,466.1,9.243,141894.094,0.0
fases_grande_amplo_f8,fases,grande,amplo,f8,Otimo,4,22.666,0.174,13041.542,0.003
fases_grande_amplo_f8,fases,grande,amplo,f8,Otimo,8,28.959,0.458,14372.738,0.004
fases_grande_amplo_f8,fases,grande,amplo,f8,Otimo,16,36.724,0.744,15595.635,0.007
fases_grande_amplo_f8,fases,grande,amplo,f8,Otimo,32,36.916,0.137,14168.883,0.005
fases_grande_enorme_f8,fases,grande,enorme,f8,Otimo,4,25.16,0.387,16653.519,0.003
fases_grande_enorme_f8,fases,grande,enorme,f8,Otimo,8,34.034,0.881,20465.938,0.005
fases_grande_enorme_f8,fases,grande,enorme,f8,Otimo,16,52.785,0.55,26908.155,0.013
fases_grande_enorme_f8,fases,grande,enorme,f8,Otimo,32,78.235,2.554,36318.446,0.03
fases_grande_medio_f4,fases,grande,medio,f4,Otimo,4,22.617,0.338,8765.987,0.038
fases_grande_medio_f4,fases,grande,medio,f4,Otimo,8,28.585,0.256,8973.644,0.005
fases_grande_medio_f4,fases,grande,medio,f4,Otimo,16,33.715,0.497,8852.24,0.003
fases_grande_medio_f4,fases,grande,medio,f4,Otimo,32,27.193,0.49,7010.696,0.029
fases_medio_amplo_f8,fases,medio,amplo,f8,Otimo,4,2.102,0.027,1318.803,0.0
fases_medio_amplo_f8,fases,medio,amplo,f8,Otimo,8,2.694,0.022,1455.635,0.0
fases_medio_amplo_f8,fases,medio,amplo,f8,Otimo,16,3.226,0.037,1594.78,0.0
fases_medio_amplo_f8,fases,medio,amplo,f8,Otimo,32,3.058,0.101,1508.31,0.001
fases_medio_enorme_f4,fases,medio,enorme,f4,Otimo,4,2.33,0.064,1795.36,0.0
fases_medio_enorme_f4,fases,medio,enorme,f4,Otimo,8,3.267,0.037,2238.585,0.0
fases_medio_enorme_f4,fases,medio,enorme,f4,Otimo,16,4.761,0.075,3034.517,0.001
fases_medio_enorme_f4,fases,medio,enorme,f4,Otimo,32,7.336,0.086,4390.471,0.001
fases_medio_medio_f4,fases,medio,medio,f4,Otimo,4,2.097,0.014,918.842,0.0
fases_medio_medio_f4,fases,medio,medio,f4,Otimo,8,2.711,0.031,947.128,0.0
fases_medio_medio_f4,fases,medio,medio,f4,Otimo,16,2.988,0.056,936.114,0.0
fases_medio_medio_f4,fases,medio,medio,f4,Otimo,32,2.293,0.028,755.516,0.0
fases_medio_restrito_f2,fases,medio,restrito,f2,Otimo,4,1.938,0.02,496.513,0.0
fases_medio_restrito_f2,fases,medio,restrito,f2,Otimo,8,2.157,0.019,428.233,0.0
fases_medio_restrito_f2,fases,medio,restrito,f2,Otimo,16,1.457,0.025,352.525,0.0
fases_medio_restrito_f2,fases,medio,restrito,f2,Otimo,32,0.225,0.003,309.189,0.0
fases_pequeno_medio_f4,fases,pequeno,medio,f4,Otimo,4,0.366,0.007,182.237,0.0
fases_pequeno_medio_f4,fases,pequeno,medio,f4,Otimo,8,0.458,0.011,185.831,0.0
fases_pequeno_medio_f4,fases,pequeno,medio,f4,Otimo,16,0.518,0.004,186.019,0.0
fases_pequeno_medio_f4,fases,pequeno,medio,f4,Otimo,32,0.461,0.006,170.972,0.0
fases_pequeno_restrito_f2,fases,pequeno,restrito,f2,Otimo,4,0.345,0.004,99.979,0.0
fases_pequeno_restrito_f2,fases,pequeno,restrito,f2,Otimo,8,0.37,0.003,86.51,0.0
fases_pequeno_restrito_f2,fases,pequeno,restrito,f2,Otimo,16,0.251,0.002,72.025,0.0
fases_pequeno_restrito_f2,fases,pequeno,restrito,f2,Otimo,32,0.067,0.002,64.571,0.0
localidade_grande_amplo_ws40,localidade,grande,amplo,ws40,Otimo,4,28.775,0.343,11234.575,0.039
localidade_grande_amplo_ws40,localidade,grande,amplo,ws40,Otimo,8,43.753,0.935,12778.711,0.01
localidade_grande_amplo_ws40,localidade,grande,amplo,ws40,Otimo,16,65.784,1.744,15512.353,0.021
localidade_grande_amplo_ws40,localidade,grande,amplo,ws40,Otimo,32,107.133,2.232,19888.222,0.0
localidade_grande_enorme_ws10,localidade,grande,enorme,ws10,Otimo,4,29.127,1.211,10878.217,0.046
localidade_grande_enorme_ws10,localidade,grande,enorme,ws10,Otimo,8,43.094,0.538,12231.627,0.008
localidade_grande_enorme_ws10,localidade,grande,enorme,ws10,Otimo,16,64.962,0.558,14637.391,0.0
localidade_grande_enorme_ws10,localidade,grande,enorme,ws10,Otimo,32,103.959,1.17,18455.113,0.002
localidade_grande_medio_frequente70,localidade,grande,medio,frequente70,Otimo,4,26.071,0.394,6514.956,0.003
localidade_grande_medio_frequente70,localidade,grande,medio,frequente70,Otimo,8,36.239,1.963,6206.343,0.051
localidade_grande_medio_frequente70,localidade,grande,medio,frequente70,Otimo,16,49.781,0.46,5909.795,0.013
localidade_grande_medio_frequente70,localidade,grande,medio,frequente70,Otimo,32,62.566,0.836,5811.017,0.02
localidade_grande_restrito_frequente90,localidade,grande,restrito,frequente90,Otimo,4,16.223,0.182,4188.96,0.002
localidade_grande_restrito_frequente90,localidade,grande,restrito,frequente90,Otimo,8,13.394,0.254,3992.067,0.002
localidade_grande_restrito_frequente90,localidade,grande,restrito,frequente90,Otimo,16,8.595,0.206,3002.628,0.001
localidade_grande_restrito_frequente90,localidade,grande,restrito,frequente90,Otimo,32,6.42,0.039,2877.442,0.0
localidade_medio_amplo_ws40,localidade,medio,amplo,ws40,Otimo,4,2.613,0.032,1136.635,0.0
localidade_medio_amplo_ws40,localidade,medio,amplo,ws40,Otimo,8,3.787,0.034,1284.44,0.0
localidade_medio_amplo_ws40,localidade,medio,amplo,ws40,Otimo,16,5.597,0.056,1595.905,0.0
localidade_medio_amplo_ws40,localidade,medio,amplo,ws40,Otimo,32,8.311,0.103,2065.486,0.001
localidade_medio_enorme_ws10,localidade,medio,enorme,ws10,Otimo,4,2.624,0.086,1198.291,0.001
localidade_medio_enorme_ws10,localidade,medio,enorme,ws10,Otimo,8,3.745,0.059,1337.642,0.0
localidade_medio_enorme_ws10,localidade,medio,enorme,ws10,Otimo,16,5.426,0.043,1568.529,0.0
localidade_medio_enorme_ws10,localidade,medio,enorme,ws10,Otimo,32,8.22,0.099,1935.798,0.001
localidade_medio_medio_frequente70,localidade,medio,medio,frequente70,Otimo,4,2.375,0.032,679.571,0.0
localidade_medio_medio_frequente70,localidade,medio,medio,frequente70,Otimo,8,3.302,0.108,647.671,0.001
localidade_medio_medio_frequente70,localidade,medio,medio,frequente70,Otimo,16,4.093,0.038,622.332,0.0
localidade_medio_medio_frequente70,localidade,medio,medio,frequente70,Otimo,32,5.107,0.157,616.589,0.001
localidade_medio_restrito_frequente90,localidade,medio,restrito,frequente90,Otimo,4,1.525,0.01,456.479,0.0
localidade_medio_restrito_frequente90,localidade,medio,restrito,frequente90,Otimo,8,1.183,0.009,377.758,0.0
localidade_medio_restrito_frequente90,localidade,medio,restrito,frequente90,Otimo,16,0.76,0.017,347.458,15.09
localidade_medio_restrito_frequente90,localidade,medio,restrito,frequente90,Otimo,32,0.528,0.011,328.91,4.831
localidade_pequeno_medio_frequente70,localidade,pequeno,medio,frequente70,Otimo,4,0.417,0.003,142.745,0.0
localidade_pequeno_medio_frequente70,localidade,pequeno,medio,frequente70,Otimo,8,0.561,0.012,136.715,0.0
localidade_pequeno_medio_frequente70,localidade,pequeno,medio,frequente70,Otimo,16,0.678,0.014,131.778,0.0
localidade_pequeno_medio_frequente70,localidade,pequeno,medio,frequente70,Otimo,32,0.837,0.013,156.388,0.0
localidade_pequeno_restrito_frequente90,localidade,pequeno,restrito,frequente90,Otimo,4,0.269,0.003,90.924,0.0
localidade_pequeno_restrito_frequente90,localidade,pequeno,restrito,frequente90,Otimo,8,0.213,0.002,75.798,0.0
localidade_pequeno_restrito_frequente90,localidade,pequeno,restrito,frequente90,Otimo,16,0.128,0.003,69.891,3.212
localidade_pequeno_restrito_frequente90,localidade,pequeno,restrito,frequente90,Otimo,32,0.086,0.002,67.047,0.0
sequencial_extragrande_amplo,sequencial,extragrande,amplo,,Otimo,4,215.343,8.509,155658.848,0.005
sequencial_extragrande_amplo,sequencial,extragrande,amplo,,Otimo,8,350.091,13.015,200627.438,0.0
sequencial_extragrande_amplo,sequencial,extragrande,amplo,,Otimo,16,635.465,60.501,288313.906,0.0
sequencial_extragrande_amplo,sequencial,extragrande,amplo,,Otimo,32,1383.503,71.634,454749.594,0.0
sequencial_grande_amplo,sequencial,grande,amplo,,Otimo,4,18.564,0.194,16584.093,0.002
sequencial_grande_amplo,sequencial,grande,amplo,,Otimo,8,28.646,0.406,22478.128,0.004
sequencial_grande_amplo,sequencial,grande,amplo,,Otimo,16,53.894,0.477,33612.371,0.0
sequencial_grande_amplo,sequencial,grande,amplo,,Otimo,32,100.791,0.958,53348.819,0.038
sequencial_grande_medio,sequencial,grande,medio,,Otimo,4,19.321,0.156,6063.505,0.001
sequencial_grande_medio,sequencial,grande,medio,,Otimo,8,30.275,0.102,5937.325,0.004
sequencial_grande_medio,sequencial,grande,medio,,Otimo,16,50.891,0.549,5685.291,0.0
sequencial_grande_medio,sequencial,grande,medio,,Otimo,32,78.304,1.853,5181.235,0.018
sequencial_medio_amplo,sequencial,medio,amplo,,Otimo,4,1.554,0.011,1615.542,0.0
sequencial_medio_amplo,sequencial,medio,amplo,,Otimo,8,2.48,0.033,2053.267,0.0
sequencial_medio_amplo,sequencial,medio,amplo,,Otimo,16,4.262,0.055,2544.857,0.0
sequencial_medio_amplo,sequencial,medio,amplo,,Otimo,32,7.856,0.128,2593.287,0.001
sequencial_medio_medio,sequencial,medio,medio,,Otimo,4,1.727,0.01,599.48,0.0
sequencial_medio_medio,sequencial,medio,medio,,Otimo,8,2.771,0.028,586.987,0.0
sequencial_medio_medio,sequencial,medio,medio,,Otimo,16,4.53,0.046,562.14,0.0
sequencial_medio_medio,sequencial,medio,medio,,Otimo,32,6.661,0.321,512.42,0.002
sequencial_minimo_restrito,sequencial,minimo,restrito,,Otimo,4,0.073,0.001,28.204,0.0
sequencial_minimo_restrito,sequencial,minimo,restrito,,Otimo,8,0.09,0.001,25.016,0.0
sequencial_minimo_restrito,sequencial,minimo,restrito,,Otimo,16,0.056,0.0,18.907,0.0
sequencial_minimo_restrito,sequencial,minimo,restrito,,Otimo,32,0.012,0.001,15.766,0.0
sequencial_pequeno_restrito,sequencial,pequeno,restrito,,Otimo,4,0.333,0.006,110.33,0.0
sequencial_pequeno_restrito,sequencial,pequeno,restrito,,Otimo,8,0.415,0.004,97.3,0.0
sequencial_pequeno_restrito,sequencial,pequeno,restrito,,Otimo,16,0.261,0.012,71.439,0.0
sequencial_pequeno_restrito,sequencial,pequeno,restrito,,Otimo,32,0.048,0.006,58.383,0.025
aleatorio_extragrande_amplo,aleatorio,extragrande,amplo,,Random,4,48.289,0.402,77168.142,0.001
aleatorio_extragrande_amplo,aleatorio,extragrande,amplo,,Random,8,54.761,1.684,76631.293,0.015
aleatorio_extragrande_amplo,aleatorio,extragrande,amplo,,Random,16,53.023,0.571,75574.868,0.011
aleatorio_extragrande_amplo,aleatorio,extragrande,amplo,,Random,32,52.641,0.521,73454.353,0.014
aleatorio_grande_amplo,aleatorio,grande,amplo,,Random,4,4.835,0.03,7723.853,0.0
aleatorio_grande_amplo,aleatorio,grande,amplo,,Random,8,5.389,0.136,7670.403,0.001
aleatorio_grande_amplo,aleatorio,grande,amplo,,Random,16,5.31,0.056,7559.676,0.0
aleatorio_grande_amplo,aleatorio,grande,amplo,,Random,32,5.02,0.04,7354.229,0.0
aleatorio_grande_enorme,aleatorio,grande,enorme,,Random,4,4.574,0.058,8961.101,0.0
aleatorio_grande_enorme,aleatorio,grande,enorme,,Random,8,5.22,0.15,8945.559,0.001
aleatorio_grande_enorme,aleatorio,grande,enorme,,Random,16,4.992,0.041,8913.612,0.0
aleatorio_grande_enorme,aleatorio,grande,enorme,,Random,32,4.986,0.036,8852.338,0.0
aleatorio_grande_medio,aleatorio,grande,medio,,Random,4,3.497,0.202,2998.438,0.001
aleatorio_grande_medio,aleatorio,grande,medio,,Random,8,3.846,0.033,2875.471,0.0
aleatorio_grande_medio,aleatorio,grande,medio,,Random,16,3.992,0.087,2624.621,0.001
aleatorio_grande_medio,aleatorio,grande,medio,,Random,32,3.153,0.034,2129.248,0.0
aleatorio_medio_amplo,aleatorio,medio,amplo,,Random,4,0.459,0.005,769.573,0.0
aleatorio_medio_amplo,aleatorio,medio,amplo,,Random,8,0.524,0.012,764.246,0.0
aleatorio_medio_amplo,aleatorio,medio,amplo,,Random,16,0.518,0.003,753.55,0.0
aleatorio_medio_amplo,aleatorio,medio,amplo,,Random,32,0.492,0.023,733.933,0.0
aleatorio_medio_enorme,aleatorio,medio,enorme,,Random,4,0.436,0.005,896.964,0.0
aleatorio_medio_enorme,aleatorio,medio,enorme,,Random,8,0.493,0.006,895.636,0.0
aleatorio_medio_enorme,aleatorio,medio,enorme,,Random,16,0.504,0.014,892.597,0.0
aleatorio_medio_enorme,aleatorio,medio,enorme,,Random,32,0.497,0.009,886.074,0.0
aleatorio_medio_medio,aleatorio,medio,medio,,Random,4,0.379,0.023,301.432,0.0
aleatorio_medio_medio,aleatorio,medio,medio,,Random,8,0.4,0.022,288.37,0.0
aleatorio_medio_medio,aleatorio,medio,medio,,Random,16,0.398,0.019,264.096,0.0
aleatorio_medio_medio,aleatorio,medio,medio,,Random,32,0.311,0.004,215.916,0.0
aleatorio_medio_restrito,aleatorio,medio,restrito,,Random,4,0.278,0.02,249.33,0.062
aleatorio_medio_restrito,aleatorio,medio,restrito,,Random,8,0.273,0.002,187.4,0.0
aleatorio_medio_restrito,aleatorio,medio,restrito,,Random,16,0.129,0.003,65.876,0.0
aleatorio_medio_restrito,aleatorio,medio,restrito,,Random,32,0.054,0.002,1.221,0.007
aleatorio_minimo_medio,aleatorio,minimo,medio,,Random,4,0.02,0.0,15.211,0.0
aleatorio_minimo_medio,aleatorio,minimo,medio,,Random,8,0.018,0.0,14.617,0.0
aleatorio_minimo_medio,aleatorio,minimo,medio,,Random,16,0.015,0.0,14.0,0.0
aleatorio_minimo_medio,aleatorio,minimo,medio,,Random,32,0.013,0.0,12.008,0.0
aleatorio_minimo_restrito,aleatorio,minimo,restrito,,Random,4,0.014,0.0,12.836,0.0
aleatorio_minimo_restrito,aleatorio,minimo,restrito,,Random,8,0.012,0.0,10.149,0.0
aleatorio_minimo_restrito,aleatorio,minimo,restrito,,Random,16,0.006,0.0,3.719,0.0
aleatorio_minimo_restrito,aleatorio,minimo,restrito,,Random,32,0.003,0.0,1.25,0.0
aleatorio_pequeno_amplo,aleatorio,pequeno,amplo,,Random,4,0.091,0.001,153.883,0.0
aleatorio_pequeno_amplo,aleatorio,pequeno,amplo,,Random,8,0.103,0.002,152.493,0.0
aleatorio_pequeno_amplo,aleatorio,pequeno,amplo,,Random,16,0.103,0.001,151.704,0.0
aleatorio_pequeno_amplo,aleatorio,pequeno,amplo,,Random,32,0.097,0.002,147.04,0.0
aleatorio_pequeno_medio,aleatorio,pequeno,medio,,Random,4,0.077,0.004,60.274,0.0
aleatorio_pequeno_medio,aleatorio,pequeno,medio,,Random,8,0.08,0.002,58.18,0.0
aleatorio_pequeno_medio,aleatorio,pequeno,medio,,Random,16,0.075,0.001,53.626,0.0
aleatorio_pequeno_medio,aleatorio,pequeno,medio,,Random,32,0.057,0.002,42.727,0.0
aleatorio_pequeno_restrito,aleatorio,pequeno,restrito,,Random,4,0.059,0.001,50.211,0.0
aleatorio_pequeno_restrito,aleatorio,pequeno,restrito,,Random,8,0.051,0.001,37.586,0.0
aleatorio_pequeno_restrito,aleatorio,pequeno,restrito,,Random,16,0.025,0.001,12.813,0.0
aleatorio_pequeno_restrito,aleatorio,pequeno,restrito,,Random,32,0.012,0.003,1.149,0.0
fases_extragrande_amplo_f8,fases,extragrande,amplo,f8,Random,4,40.635,2.31,73350.795,0.018
fases_extragrande_amplo_f8,fases,extragrande,amplo,f8,Random,8,43.907,0.468,69081.27,0.001
fases_extragrande_amplo_f8,fases,extragrande,amplo,f8,Random,16,40.383,3.413,60557.376,0.025
fases_extragrande_amplo_f8,fases,extragrande,amplo,f8,Random,32,25.683,0.286,43590.976,0.004
fases_grande_amplo_f8,fases,grande,amplo,f8,Random,4,3.711,0.042,7326.486,0.0
fases_grande_amplo_f8,fases,grande,amplo,f8,Random,8,3.92,0.037,6903.253,0.0
fases_grande_amplo_f8,fases,grande,amplo,f8,Random,16,3.928,0.067,6057.542,0.0
fases_grande_amplo_f8,fases,grande,amplo,f8,Random,32,2.535,0.029,4356.322,0.0
fases_grande_enorme_f8,fases,grande,enorme,f8,Random,4,4.373,0.03,8857.006,0.0
fases_grande_enorme_f8,fases,grande,enorme,f8,Random,8,5.073,0.054,8738.167,0.0
fases_grande_enorme_f8,fases,grande,enorme,f8,Random,16,4.807,0.026,8494.22,0.0
fases_grande_enorme_f8,fases,grande,enorme,f8,Random,32,4.365,0.089,8019.85,0.001
fases_grande_medio_f4,fases,grande,medio,f4,Random,4,3.712,0.456,4988.025,0.065
fases_grande_medio_f4,fases,grande,medio,f4,Random,8,4.327,0.051,4599.35,0.0
fases_grande_medio_f4,fases,grande,medio,f4,Random,16,3.514,0.304,3838.282,0.064
fases_grande_medio_f4,fases,grande,medio,f4,Random,32,2.006,0.017,2292.568,0.0
fases_medio_amplo_f8,fases,medio,amplo,f8,Random,4,0.408,0.004,730.823,0.0
fases_medio_amplo_f8,fases,medio,amplo,f8,Random,8,0.421,0.014,692.386,0.0
fases_medio_amplo_f8,fases,medio,amplo,f8,Random,16,0.368,0.003,608.237,0.0
fases_medio_amplo_f8,fases,medio,amplo,f8,Random,32,0.25,0.002,447.088,0.0
fases_medio_enorme_f4,fases,medio,enorme,f4,Random,4,0.437,0.003,894.105,0.0
fases_medio_enorme_f4,fases,medio,enorme,f4,Random,8,0.483,0.021,886.105,0.0
fases_medio_enorme_f4,fases,medio,enorme,f4,Random,16,0.494,0.035,876.253,0.0
fases_medio_enorme_f4,fases,medio,enorme,f4,Random,32,0.448,0.007,849.589,0.0
fases_medio_medio_f4,fases,medio,medio,f4,Random,4,0.384,0.018,507.323,0.0
fases_medio_medio_f4,fases,medio,medio,f4,Random,8,0.421,0.005,466.339,0.0
fases_medio_medio_f4,fases,medio,medio,f4,Random,16,0.342,0.004,387.69,0.0
fases_medio_medio_f4,fases,medio,medio,f4,Random,32,0.21,0.002,240.072,0.0
fases_medio_restrito_f2,fases,medio,restrito,f2,Random,4,0.308,0.003,261.776,0.0
fases_medio_restrito_f2,fases,medio,restrito,f2,Random,8,0.307,0.003,210.869,0.0
fases_medio_restrito_f2,fases,medio,restrito,f2,Random,16,0.187,0.003,111.314,0.0
fases_medio_restrito_f2,fases,medio,restrito,f2,Random,32,0.056,0.007,3.228,0.003
fases_pequeno_medio_f4,fases,pequeno,medio,f4,Random,4,0.075,0.001,100.977,0.0
fases_pequeno_medio_f4,fases,pequeno,medio,f4,Random,8,0.078,0.004,93.024,0.0
fases_pequeno_medio_f4,fases,pequeno,medio,f4,Random,16,0.065,0.002,78.079,0.0
fases_pequeno_medio_f4,fases,pequeno,medio,f4,Random,32,0.042,0.0,52.821,0.0
fases_pequeno_restrito_f2,fases,pequeno,restrito,f2,Random,4,0.061,0.001,52.618,0.0
fases_pequeno_restrito_f2,fases,pequeno,restrito,f2,Random,8,0.058,0.002,42.993,0.0
fases_pequeno_restrito_f2,fases,pequeno,restrito,f2,Random,16,0.037,0.001,23.438,0.0
fases_pequeno_restrito_f2,fases,pequeno,restrito,f2,Random,32,0.012,0.0,3.258,0.0
localidade_grande_amplo_ws40,localidade,grande,amplo,ws40,Random,4,4.961,0.049,6113.776,0.0
localidade_grande_amplo_ws40,localidade,grande,amplo,ws40,Random,8,5.604,0.057,6050.905,0.001
localidade_grande_amplo_ws40,localidade,grande,amplo,ws40,Random,16,5.597,0.036,5925.069,0.0
localidade_grande_amplo_ws40,localidade,grande,amplo,ws40,Random,32,5.249,0.048,5676.403,0.0
localidade_grande_enorme_ws10,localidade,grande,enorme,ws10,Random,4,4.94,0.049,5921.744,0.0
localidade_grande_enorme_ws10,localidade,grande,enorme,ws10,Random,8,5.61,0.415,5851.436,0.003
localidade_grande_enorme_ws10,localidade,grande,enorme,ws10,Random,16,5.419,0.052,5712.396,0.0
localidade_grande_enorme_ws10,localidade,grande,enorme,ws10,Random,32,5.117,0.056,5447.636,0.0
localidade_grande_medio_frequente70,localidade,grande,medio,frequente70,Random,4,3.864,0.056,3811.815,0.0
localidade_grande_medio_frequente70,localidade,grande,medio,frequente70,Random,8,4.464,0.142,3654.1,0.001
localidade_grande_medio_frequente70,localidade,grande,medio,frequente70,Random,16,4.027,0.057,3353.308,0.001
localidade_grande_medio_frequente70,localidade,grande,medio,frequente70,Random,32,3.474,0.028,2810.484,0.0
localidade_grande_restrito_frequente90,localidade,grande,restrito,frequente90,Random,4,2.703,0.313,2142.065,0.064
localidade_grande_restrito_frequente90,localidade,grande,restrito,frequente90,Random,8,2.108,0.015,1306.428,0.0
localidade_grande_restrito_frequente90,localidade,grande,restrito,frequente90,Random,16,1.331,0.039,546.993,0.0
localidade_grande_restrito_frequente90,localidade,grande,restrito,frequente90,Random,32,0.821,0.109,199.638,0.001
localidade_medio_amplo_ws40,localidade,medio,amplo,ws40,Random,4,0.481,0.012,615.449,0.0
localidade_medio_amplo_ws40,localidade,medio,amplo,ws40,Random,8,0.549,0.009,608.168,0.0
localidade_medio_amplo_ws40,localidade,medio,amplo,ws40,Random,16,0.546,0.016,596.504,0.0
localidade_medio_amplo_ws40,localidade,medio,amplo,ws40,Random,32,0.523,0.006,571.183,0.0
localidade_medio_enorme_ws10,localidade,medio,enorme,ws10,Random,4,0.471,0.004,592.355,0.0
localidade_medio_enorme_ws10,localidade,medio,enorme,ws10,Random,8,0.535,0.005,585.449,0.0
localidade_medio_enorme_ws10,localidade,medio,enorme,ws10,Random,16,0.541,0.007,570.832,0.0
localidade_medio_enorme_ws10,localidade,medio,enorme,ws10,Random,32,0.498,0.016,547.167,0.0
localidade_medio_medio_frequente70,localidade,medio,medio,frequente70,Random,4,0.416,0.016,383.682,0.0
localidade_medio_medio_frequente70,localidade,medio,medio,frequente70,Random,8,0.438,0.005,367.48,0.0
localidade_medio_medio_frequente70,localidade,medio,medio,frequente70,Random,16,0.414,0.005,339.065,0.0
localidade_medio_medio_frequente70,localidade,medio,medio,frequente70,Random,32,0.344,0.022,282.674,0.062
localidade_medio_restrito_frequente90,localidade,medio,restrito,frequente90,Random,4,0.287,0.003,215.057,0.0
localidade_medio_restrito_frequente90,localidade,medio,restrito,frequente90,Random,8,0.214,0.002,132.931,0.0
localidade_medio_restrito_frequente90,localidade,medio,restrito,frequente90,Random,16,0.135,0.002,57.157,0.0
localidade_medio_restrito_frequente90,localidade,medio,restrito,frequente90,Random,32,0.071,0.001,20.946,0.0
localidade_pequeno_medio_frequente70,localidade,pequeno,medio,frequente70,Random,4,0.08,0.007,75.696,0.0
localidade_pequeno_medio_frequente70,localidade,pequeno,medio,frequente70,Random,8,0.083,0.001,72.102,0.0
localidade_pequeno_medio_frequente70,localidade,pequeno,medio,frequente70,Random,16,0.074,0.005,65.969,0.0
localidade_pequeno_medio_frequente70,localidade,pequeno,medio,frequente70,Random,32,0.058,0.001,56.305,0.0
localidade_pequeno_restrito_frequente90,localidade,pequeno,restrito,frequente90,Random,4,0.055,0.003,43.305,0.0
localidade_pequeno_restrito_frequente90,localidade,pequeno,restrito,frequente90,Random,8,0.041,0.001,27.43,0.0
localidade_pequeno_restrito_frequente90,localidade,pequeno,restrito,frequente90,Random,16,0.024,0.0,11.656,0.0
localidade_pequeno_restrito_frequente90,localidade,pequeno,restrito,frequente90,Random,32,0.015,0.0,5.445,0.0
sequencial_extragrande_amplo,sequencial,extragrande,amplo,,Random,4,38.243,0.406,77750.495,0.006
sequencial_extragrande_amplo,sequencial,extragrande,amplo,,Random,8,44.151,3.064,77750.473,0.019
sequencial_extragrande_amplo,sequencial,extragrande,amplo,,Random,16,42.586,0.604,77750.656,0.001
sequencial_extragrande_amplo,sequencial,extragrande,amplo,,Random,32,42.8,1.286,77750.825,0.009
sequencial_grande_amplo,sequencial,grande,amplo,,Random,4,3.695,0.014,7775.267,0.0
sequencial_grande_amplo,sequencial,grande,amplo,,Random,8,3.667,0.035,7775.126,0.0
sequencial_grande_amplo,sequencial,grande,amplo,,Random,16,4.227,0.025,7775.404,0.0
sequencial_grande_amplo,sequencial,grande,amplo,,Random,32,4.179,0.285,7775.528,0.064
sequencial_grande_medio,sequencial,grande,medio,,Random,4,3.309,0.509,3125.288,0.066
sequencial_grande_medio,sequencial,grande,medio,,Random,8,3.358,0.37,3125.249,0.002
sequencial_grande_medio,sequencial,grande,medio,,Random,16,3.326,0.022,3120.382,0.0
sequencial_grande_medio,sequencial,grande,medio,,Random,32,3.754,0.291,2968.971,0.002
sequencial_medio_amplo,sequencial,medio,amplo,,Random,4,0.373,0.003,777.745,0.0
sequencial_medio_amplo,sequencial,medio,amplo,,Random,8,0.394,0.004,777.682,0.0
sequencial_medio_amplo,sequencial,medio,amplo,,Random,16,0.401,0.007,777.878,0.0
sequencial_medio_amplo,sequencial,medio,amplo,,Random,32,0.404,0.003,778.042,0.0
sequencial_medio_medio,sequencial,medio,medio,,Random,4,0.363,0.003,312.807,0.0
sequencial_medio_medio,sequencial,medio,medio,,Random,8,0.398,0.007,312.807,0.0
sequencial_medio_medio,sequencial,medio,medio,,Random,16,0.39,0.007,312.596,0.0
sequencial_medio_medio,sequencial,medio,medio,,Random,32,0.365,0.043,296.979,0.0
sequencial_minimo_restrito,sequencial,minimo,restrito,,Random,4,0.019,0.0,15.899,0.0
sequencial_minimo_restrito,sequencial,minimo,restrito,,Random,8,0.016,0.001,14.555,0.0
sequencial_minimo_restrito,sequencial,minimo,restrito,,Random,16,0.009,0.0,7.0,0.0
sequencial_minimo_restrito,sequencial,minimo,restrito,,Random,32,0.003,0.0,1.25,0.0
sequencial_pequeno_restrito,sequencial,pequeno,restrito,,Random,4,0.075,0.001,62.68,0.0
sequencial_pequeno_restrito,sequencial,pequeno,restrito,,Random,8,0.065,0.003,56.993,0.0
sequencial_pequeno_restrito,sequencial,pequeno,restrito,,Random,16,0.038,0.001,24.907,0.0
sequencial_pequeno_restrito,sequencial,pequeno,restrito,,Random,32,0.01,0.0,1.149,0.0
